case_id,agents,initial_conflict_pairs,official_seconds,official_sa_seconds,dual16_seconds,dual16_sa_seconds,all_four_successful
independent-00-native-19,299,15,0.511844,0.516859,0.785616,0.603902,true
independent-00-native-23,299,10,0.370448,0.421469,0.403119,0.412051,true
independent-01-native-19,239,16,0.954979,0.835979,5.676076,1.805676,true
independent-01-native-23,239,25,0.695996,0.843825,5.069615,2.275432,true
independent-02-native-19,252,24,1.600622,1.241887,1.832386,1.413460,true
independent-02-native-23,252,41,1.179447,1.750321,1.716861,1.967246,true
independent-03-native-19,298,13,0.635603,0.634475,0.706685,0.965706,true
independent-03-native-23,298,9,0.309345,0.386005,0.351549,0.365946,true
independent-04-native-19,282,22,1.277194,3.595137,6.009451,1.181408,true
independent-04-native-23,282,29,1.674807,0.737170,1.334192,1.716689,true
independent-05-native-19,280,19,0.687216,1.241612,1.010257,1.673901,true
independent-05-native-23,280,21,1.062647,0.904082,1.156716,0.661574,true
independent-06-native-19,252,21,0.687120,0.789071,0.805245,0.874619,true
independent-06-native-23,252,22,0.930856,0.910825,1.080858,0.867275,true
independent-07-native-19,269,11,0.760227,1.135198,1.831003,1.355663,true
independent-07-native-23,269,20,1.747131,1.101146,1.846026,1.127863,true
