arm,case_id,generated,map_id,pp_calls,pp_seconds,reset_seconds,selection_seconds,stop_reason,success_within_budget,ttf_seconds,initial_conflicts,agents,density_group,final_soc,final_makespan,final_waits,quality_valid_for_comparison,record_path
official,sa_independent_v1_m01_station_centric_0000__task_0001-seed101,29343268,sa_independent_v1_m01_station_centric_0000,1013,45.04875901299998,2.0022761409999816,0.0010694360016145765,deadline,False,,236,449,25_percent,38326,141,5877,False,build/sa-independent-confirmation-supervisor-v2/raw/sa_independent_v1_m01_station_centric_0000__task_0001-seed101-official.json
dual16,sa_independent_v1_m01_station_centric_0000__task_0001-seed103,28394286,sa_independent_v1_m01_station_centric_0000,224,44.784150174000004,2.217027212000062,10.5064528810002,deadline,False,,429,449,25_percent,39901,175,6206,False,build/sa-independent-confirmation-supervisor-v2/raw/sa_independent_v1_m01_station_centric_0000__task_0001-seed103-dual16.json
dual16_sa,sa_independent_v1_m01_station_centric_0000__task_0001-seed103,20548942,sa_independent_v1_m01_station_centric_0000,195,34.027080133000005,2.195779342000037,9.237651671999629,feasible,True,47.64922026599993,429,449,25_percent,41737,224,7444,True,build/sa-independent-confirmation-supervisor-v2/raw/sa_independent_v1_m01_station_centric_0000__task_0001-seed103-dual16_sa.json
official,sa_independent_v1_m01_station_centric_0000__task_0001-seed103,15480810,sa_independent_v1_m01_station_centric_0000,387,22.602385156999993,2.196624053999926,0.0003493910005545331,feasible,True,29.4394269899999,429,449,25_percent,40103,146,7178,True,build/sa-independent-confirmation-supervisor-v2/raw/sa_independent_v1_m01_station_centric_0000__task_0001-seed103-official.json
official_sa,sa_independent_v1_m01_station_centric_0000__task_0001-seed103,29896901,sa_independent_v1_m01_station_centric_0000,773,48.113265312000024,2.2118138419999696,0.0006392100018501878,deadline,False,,429,449,25_percent,39670,141,6953,False,build/sa-independent-confirmation-supervisor-v2/raw/sa_independent_v1_m01_station_centric_0000__task_0001-seed103-official_sa.json
dual16,sa_independent_v1_m02_station_centric_0000__task_0000-seed101,94710,sa_independent_v1_m02_station_centric_0000,4,0.101547964,0.34675973699995666,0.13591600600011589,feasible,True,0.6065953780000655,5,305,15_percent,20141,103,2228,True,build/sa-independent-confirmation-supervisor-v2/raw/sa_independent_v1_m02_station_centric_0000__task_0000-seed101-dual16.json
dual16_sa,sa_independent_v1_m02_station_centric_0000__task_0000-seed101,94710,sa_independent_v1_m02_station_centric_0000,4,0.101271178,0.34586502999991353,0.1342526949999865,feasible,True,0.6043685859999641,5,305,15_percent,20141,103,2228,True,build/sa-independent-confirmation-supervisor-v2/raw/sa_independent_v1_m02_station_centric_0000__task_0000-seed101-dual16_sa.json
official,sa_independent_v1_m02_station_centric_0000__task_0000-seed101,75837,sa_independent_v1_m02_station_centric_0000,6,0.07548676,0.3485775139999987,4.622000460585696e-06,feasible,True,0.4606064710001192,5,305,15_percent,20109,103,2212,True,build/sa-independent-confirmation-supervisor-v2/raw/sa_independent_v1_m02_station_centric_0000__task_0000-seed101-official.json
official_sa,sa_independent_v1_m02_station_centric_0000__task_0000-seed101,75837,sa_independent_v1_m02_station_centric_0000,6,0.07476627,0.3462957209999331,4.647000196200679e-06,feasible,True,0.4579824259999441,5,305,15_percent,20109,103,2212,True,build/sa-independent-confirmation-supervisor-v2/raw/sa_independent_v1_m02_station_centric_0000__task_0000-seed101-official_sa.json
dual16,sa_independent_v1_m02_station_centric_0000__task_0000-seed103,201614,sa_independent_v1_m02_station_centric_0000,4,0.227343855,0.4551497819998076,0.14580424199971276,feasible,True,0.8505856529998255,17,305,15_percent,20669,125,2338,True,build/sa-independent-confirmation-supervisor-v2/raw/sa_independent_v1_m02_station_centric_0000__task_0000-seed103-dual16.json
dual16_sa,sa_independent_v1_m02_station_centric_0000__task_0000-seed103,201614,sa_independent_v1_m02_station_centric_0000,4,0.24028610899999997,0.4890930980000121,0.15612524499988467,feasible,True,0.9095842699998684,17,305,15_percent,20669,125,2338,True,build/sa-independent-confirmation-supervisor-v2/raw/sa_independent_v1_m02_station_centric_0000__task_0000-seed103-dual16_sa.json
official,sa_independent_v1_m02_station_centric_0000__task_0000-seed103,465993,sa_independent_v1_m02_station_centric_0000,27,0.5383005860000001,0.4754047609999361,2.1101000584167195e-05,feasible,True,1.1897911129999557,17,305,15_percent,20701,119,2488,True,build/sa-independent-confirmation-supervisor-v2/raw/sa_independent_v1_m02_station_centric_0000__task_0000-seed103-official.json
official_sa,sa_independent_v1_m02_station_centric_0000__task_0000-seed103,424783,sa_independent_v1_m02_station_centric_0000,23,0.48361915799999994,0.45930448600006457,1.599499978510721e-05,feasible,True,1.0791764279999825,17,305,15_percent,20760,119,2443,True,build/sa-independent-confirmation-supervisor-v2/raw/sa_independent_v1_m02_station_centric_0000__task_0000-seed103-official_sa.json
dual16,sa_independent_v1_m02_station_centric_0000__task_0001-seed101,14219393,sa_independent_v1_m02_station_centric_0000,189,22.009051577999994,2.0310637929999302,8.778653218999125,feasible,True,34.97376887099995,200,509,25_percent,41182,134,6237,True,build/sa-independent-confirmation-supervisor-v2/raw/sa_independent_v1_m02_station_centric_0000__task_0001-seed101-dual16.json
dual16_sa,sa_independent_v1_m02_station_centric_0000__task_0001-seed101,9551199,sa_independent_v1_m02_station_centric_0000,88,15.503395605999998,2.052742829999943,4.15207007200047,feasible,True,22.711689463000084,200,509,25_percent,42065,143,6600,True,build/sa-independent-confirmation-supervisor-v2/raw/sa_independent_v1_m02_station_centric_0000__task_0001-seed101-dual16_sa.json
official,sa_independent_v1_m02_station_centric_0000__task_0001-seed101,13039515,sa_independent_v1_m02_station_centric_0000,373,20.477510687000024,2.0502389900000253,0.0003717649981354043,feasible,True,27.715976864999902,200,509,25_percent,41256,148,6513,True,build/sa-independent-confirmation-supervisor-v2/raw/sa_independent_v1_m02_station_centric_0000__task_0001-seed101-official.json
official_sa,sa_independent_v1_m02_station_centric_0000__task_0001-seed101,22346492,sa_independent_v1_m02_station_centric_0000,609,37.13886945,2.042789374999984,0.00048455699516125605,feasible,True,47.20697775899998,200,509,25_percent,43659,139,8282,True,build/sa-independent-confirmation-supervisor-v2/raw/sa_independent_v1_m02_station_centric_0000__task_0001-seed101-official_sa.json
dual16,sa_independent_v1_m02_station_centric_0000__task_0001-seed103,11037355,sa_independent_v1_m02_station_centric_0000,111,17.460828252000006,2.589676127000075,5.290206326999396,feasible,True,26.568423850000045,293,509,25_percent,44126,198,7101,True,build/sa-independent-confirmation-supervisor-v2/raw/sa_independent_v1_m02_station_centric_0000__task_0001-seed103-dual16.json
dual16_sa,sa_independent_v1_m02_station_centric_0000__task_0001-seed103,19091525,sa_independent_v1_m02_station_centric_0000,165,32.380456608999985,2.6111830080001255,8.291124091998427,feasible,True,45.231746402,293,509,25_percent,44923,180,7908,True,build/sa-independent-confirmation-supervisor-v2/raw/sa_independent_v1_m02_station_centric_0000__task_0001-seed103-dual16_sa.json
official,sa_independent_v1_m02_station_centric_0000__task_0001-seed103,18139233,sa_independent_v1_m02_station_centric_0000,432,30.95215094499998,2.615474180999854,0.00040675199852557853,feasible,True,40.02068297799997,293,509,25_percent,44141,168,7468,True,build/sa-independent-confirmation-supervisor-v2/raw/sa_independent_v1_m02_station_centric_0000__task_0001-seed103-official.json
official_sa,sa_independent_v1_m02_station_centric_0000__task_0001-seed103,20466393,sa_independent_v1_m02_station_centric_0000,451,34.59652037399998,2.645099068000036,0.0003508069978579442,feasible,True,43.17707865800003,293,509,25_percent,45730,174,9477,True,build/sa-independent-confirmation-supervisor-v2/raw/sa_independent_v1_m02_station_centric_0000__task_0001-seed103-official_sa.json
dual16,sa_independent_v1_m03_station_centric_0000__task_0000-seed101,200406,sa_independent_v1_m03_station_centric_0000,7,0.203264545,0.3319776200000888,0.20161091499971917,feasible,True,0.7735580190001201,16,274,15_percent,18135,159,2193,True,build/sa-independent-confirmation-supervisor-v2/raw/sa_independent_v1_m03_station_centric_0000__task_0000-seed101-dual16.json
dual16_sa,sa_independent_v1_m03_station_centric_0000__task_0000-seed101,200406,sa_independent_v1_m03_station_centric_0000,7,0.198008994,0.34094742499996755,0.21567530800007262,feasible,True,0.7916702160000568,16,274,15_percent,18135,159,2193,True,build/sa-independent-confirmation-supervisor-v2/raw/sa_independent_v1_m03_station_centric_0000__task_0000-seed101-dual16_sa.json
official,sa_independent_v1_m03_station_centric_0000__task_0000-seed101,432372,sa_independent_v1_m03_station_centric_0000,29,0.4696851060000001,0.32969867500014516,2.5495999807390035e-05,feasible,True,0.9699043820000952,16,274,15_percent,18307,154,2353,True,build/sa-independent-confirmation-supervisor-v2/raw/sa_independent_v1_m03_station_centric_0000__task_0000-seed101-official.json
official_sa,sa_independent_v1_m03_station_centric_0000__task_0000-seed101,502864,sa_independent_v1_m03_station_centric_0000,30,0.5470464489999999,0.32414791599990167,2.3969999801920494e-05,feasible,True,1.0643547259999195,16,274,15_percent,18402,154,2256,True,build/sa-independent-confirmation-supervisor-v2/raw/sa_independent_v1_m03_station_centric_0000__task_0000-seed101-official_sa.json
dual16,sa_independent_v1_m03_station_centric_0000__task_0000-seed103,268286,sa_independent_v1_m03_station_centric_0000,6,0.307276563,0.41586022100000264,0.19790563099991232,feasible,True,0.9537451359999523,29,274,15_percent,18774,145,2218,True,build/sa-independent-confirmation-supervisor-v2/raw/sa_independent_v1_m03_station_centric_0000__task_0000-seed103-dual16.json
dual16_sa,sa_independent_v1_m03_station_centric_0000__task_0000-seed103,268286,sa_independent_v1_m03_station_centric_0000,6,0.292675639,0.38518506400009755,0.1907943530002285,feasible,True,0.8970286569999644,29,274,15_percent,18774,145,2218,True,build/sa-independent-confirmation-supervisor-v2/raw/sa_independent_v1_m03_station_centric_0000__task_0000-seed103-dual16_sa.json
official,sa_independent_v1_m03_station_centric_0000__task_0000-seed103,1481901,sa_independent_v1_m03_station_centric_0000,76,1.639994789,0.39964918000009675,7.027699916761776e-05,feasible,True,2.56139817899998,29,274,15_percent,19117,130,2489,True,build/sa-independent-confirmation-supervisor-v2/raw/sa_independent_v1_m03_station_centric_0000__task_0000-seed103-official.json
official_sa,sa_independent_v1_m03_station_centric_0000__task_0000-seed103,1048319,sa_independent_v1_m03_station_centric_0000,54,1.107631462,0.38983426699996926,4.8205000211964943e-05,feasible,True,1.8718469749999258,29,274,15_percent,18847,145,2321,True,build/sa-independent-confirmation-supervisor-v2/raw/sa_independent_v1_m03_station_centric_0000__task_0000-seed103-official_sa.json
dual16,sa_independent_v1_m03_station_centric_0000__task_0001-seed101,18759312,sa_independent_v1_m03_station_centric_0000,552,27.335522902999987,1.940368158000183,24.41190302900077,selection_deadline,False,,225,456,25_percent,40110,184,7850,False,build/sa-independent-confirmation-supervisor-v2/raw/sa_independent_v1_m03_station_centric_0000__task_0001-seed101-dual16.json
dual16_sa,sa_independent_v1_m03_station_centric_0000__task_0001-seed101,13470207,sa_independent_v1_m03_station_centric_0000,232,19.894767911999992,1.7901989950000825,10.331269363999581,feasible,True,34.606621195000116,225,456,25_percent,40591,184,8187,True,build/sa-independent-confirmation-supervisor-v2/raw/sa_independent_v1_m03_station_centric_0000__task_0001-seed101-dual16_sa.json
official,sa_independent_v1_m03_station_centric_0000__task_0001-seed101,8639031,sa_independent_v1_m03_station_centric_0000,288,12.163907741,1.796062111000083,0.00021106799749759375,feasible,True,17.366848562000087,225,456,25_percent,39895,172,8045,True,build/sa-independent-confirmation-supervisor-v2/raw/sa_independent_v1_m03_station_centric_0000__task_0001-seed101-official.json
official_sa,sa_independent_v1_m03_station_centric_0000__task_0001-seed101,10443613,sa_independent_v1_m03_station_centric_0000,294,15.335078572000002,1.9699668419998488,0.00019879299770764192,feasible,True,20.612697187999856,225,456,25_percent,40775,175,9139,True,build/sa-independent-confirmation-supervisor-v2/raw/sa_independent_v1_m03_station_centric_0000__task_0001-seed101-official_sa.json
dual16,sa_independent_v1_m03_station_centric_0000__task_0001-seed103,13085886,sa_independent_v1_m03_station_centric_0000,199,18.510562655999998,1.830181554000319,8.962185843002317,feasible,True,31.402998777999983,250,456,25_percent,38754,171,7036,True,build/sa-independent-confirmation-supervisor-v2/raw/sa_independent_v1_m03_station_centric_0000__task_0001-seed103-dual16.json
dual16_sa,sa_independent_v1_m03_station_centric_0000__task_0001-seed103,15652117,sa_independent_v1_m03_station_centric_0000,249,22.343477430999997,1.8060944310000195,10.677638281998497,feasible,True,37.41751995799996,250,456,25_percent,38708,171,6882,True,build/sa-independent-confirmation-supervisor-v2/raw/sa_independent_v1_m03_station_centric_0000__task_0001-seed103-dual16_sa.json
official,sa_independent_v1_m03_station_centric_0000__task_0001-seed103,7773406,sa_independent_v1_m03_station_centric_0000,225,11.460283936999994,1.8646641099999215,0.0003239719990233425,feasible,True,15.954492888000004,250,456,25_percent,39046,165,7354,True,build/sa-independent-confirmation-supervisor-v2/raw/sa_independent_v1_m03_station_centric_0000__task_0001-seed103-official.json
official_sa,sa_independent_v1_m03_station_centric_0000__task_0001-seed103,12270906,sa_independent_v1_m03_station_centric_0000,347,18.585854413000007,1.8198890650000976,0.0002589799978522933,feasible,True,24.32830537100017,250,456,25_percent,38430,156,7044,True,build/sa-independent-confirmation-supervisor-v2/raw/sa_independent_v1_m03_station_centric_0000__task_0001-seed103-official_sa.json
dual16,sa_independent_v1_m04_station_centric_0000__task_0000-seed101,403722,sa_independent_v1_m04_station_centric_0000,9,0.568649575,0.5448851460000697,0.3164288809998652,feasible,True,1.4848450939998656,29,319,15_percent,23049,117,2837,True,build/sa-independent-confirmation-supervisor-v2/raw/sa_independent_v1_m04_station_centric_0000__task_0000-seed101-dual16.json
dual16_sa,sa_independent_v1_m04_station_centric_0000__task_0000-seed101,403722,sa_independent_v1_m04_station_centric_0000,9,0.533081489,0.5410599709998678,0.3058320980003373,feasible,True,1.4333311000000322,29,319,15_percent,23049,117,2837,True,build/sa-independent-confirmation-supervisor-v2/raw/sa_independent_v1_m04_station_centric_0000__task_0000-seed101-dual16_sa.json
official,sa_independent_v1_m04_station_centric_0000__task_0000-seed101,825124,sa_independent_v1_m04_station_centric_0000,41,1.1359459369999998,0.562264617999972,3.0068998057686258e-05,feasible,True,1.980966640999668,29,319,15_percent,23553,122,3169,True,build/sa-independent-confirmation-supervisor-v2/raw/sa_independent_v1_m04_station_centric_0000__task_0000-seed101-official.json
official_sa,sa_independent_v1_m04_station_centric_0000__task_0000-seed101,539082,sa_independent_v1_m04_station_centric_0000,29,0.696290218,0.54311236500007,2.2544000330526615e-05,feasible,True,1.4178327670001636,29,319,15_percent,23775,128,3343,True,build/sa-independent-confirmation-supervisor-v2/raw/sa_independent_v1_m04_station_centric_0000__task_0000-seed101-official_sa.json
dual16,sa_independent_v1_m04_station_centric_0000__task_0000-seed103,730016,sa_independent_v1_m04_station_centric_0000,21,0.934873248,0.4636885429999893,0.6591799309994713,feasible,True,2.186535213999832,16,319,15_percent,23818,121,3332,True,build/sa-independent-confirmation-supervisor-v2/raw/sa_independent_v1_m04_station_centric_0000__task_0000-seed103-dual16.json
dual16_sa,sa_independent_v1_m04_station_centric_0000__task_0000-seed103,1037302,sa_independent_v1_m04_station_centric_0000,25,1.2813198550000002,0.4505720370002564,0.804403234998972,feasible,True,2.69630486799997,16,319,15_percent,23861,121,3433,True,build/sa-independent-confirmation-supervisor-v2/raw/sa_independent_v1_m04_station_centric_0000__task_0000-seed103-dual16_sa.json
official,sa_independent_v1_m04_station_centric_0000__task_0000-seed103,1871264,sa_independent_v1_m04_station_centric_0000,94,2.450894413,0.4520897040001728,7.238599846459692e-05,feasible,True,3.6655987330000244,16,319,15_percent,23598,121,3142,True,build/sa-independent-confirmation-supervisor-v2/raw/sa_independent_v1_m04_station_centric_0000__task_0000-seed103-official.json
official_sa,sa_independent_v1_m04_station_centric_0000__task_0000-seed103,1119648,sa_independent_v1_m04_station_centric_0000,55,1.6927620539999997,0.4776990450000085,3.9909999031806365e-05,feasible,True,2.6209478480000143,16,319,15_percent,24231,121,3547,True,build/sa-independent-confirmation-supervisor-v2/raw/sa_independent_v1_m04_station_centric_0000__task_0000-seed103-official_sa.json
dual16,sa_independent_v1_m04_station_centric_0000__task_0001-seed101,21759648,sa_independent_v1_m04_station_centric_0000,322,36.254612307000016,2.760369931999776,17.111404530000073,deadline,False,,202,531,25_percent,45595,157,6661,False,build/sa-independent-confirmation-supervisor-v2/raw/sa_independent_v1_m04_station_centric_0000__task_0001-seed101-dual16.json
dual16_sa,sa_independent_v1_m04_station_centric_0000__task_0001-seed101,10592970,sa_independent_v1_m04_station_centric_0000,89,18.285047361,2.562987582000005,4.501550676001443,feasible,True,26.425418529000126,202,531,25_percent,46575,157,7505,True,build/sa-independent-confirmation-supervisor-v2/raw/sa_independent_v1_m04_station_centric_0000__task_0001-seed101-dual16_sa.json
official,sa_independent_v1_m04_station_centric_0000__task_0001-seed101,26604046,sa_independent_v1_m04_station_centric_0000,716,44.81360954700003,2.569659940999827,0.0010536370059526234,feasible,True,58.79025337999974,202,531,25_percent,44911,134,6949,True,build/sa-independent-confirmation-supervisor-v2/raw/sa_independent_v1_m04_station_centric_0000__task_0001-seed101-official.json
official_sa,sa_independent_v1_m04_station_centric_0000__task_0001-seed101,27152087,sa_independent_v1_m04_station_centric_0000,573,49.45141317199997,2.52415316600036,0.00040736399569141213,deadline,False,,202,531,25_percent,47855,146,9105,False,build/sa-independent-confirmation-supervisor-v2/raw/sa_independent_v1_m04_station_centric_0000__task_0001-seed101-official_sa.json
dual16,sa_independent_v1_m04_station_centric_0000__task_0001-seed103,24701714,sa_independent_v1_m04_station_centric_0000,164,46.590578341999986,2.6401637809999556,8.759589034998953,deadline,False,,216,531,25_percent,46868,193,7918,False,build/sa-independent-confirmation-supervisor-v2/raw/sa_independent_v1_m04_station_centric_0000__task_0001-seed103-dual16.json
dual16_sa,sa_independent_v1_m04_station_centric_0000__task_0001-seed103,11281624,sa_independent_v1_m04_station_centric_0000,96,19.801705101999982,2.7418966180002826,4.912008963002336,feasible,True,28.5862917190002,216,531,25_percent,48381,193,9005,True,build/sa-independent-confirmation-supervisor-v2/raw/sa_independent_v1_m04_station_centric_0000__task_0001-seed103-dual16_sa.json
official,sa_independent_v1_m04_station_centric_0000__task_0001-seed103,18610365,sa_independent_v1_m04_station_centric_0000,419,34.043166485000015,2.5426110170001266,0.0004651809940696694,feasible,True,42.49809112499997,216,531,25_percent,46414,146,8182,True,build/sa-independent-confirmation-supervisor-v2/raw/sa_independent_v1_m04_station_centric_0000__task_0001-seed103-official.json
official_sa,sa_independent_v1_m04_station_centric_0000__task_0001-seed103,20728683,sa_independent_v1_m04_station_centric_0000,479,34.223401489999986,2.575836075999632,0.0004704519928964146,feasible,True,43.39344861799964,216,531,25_percent,47370,143,8706,True,build/sa-independent-confirmation-supervisor-v2/raw/sa_independent_v1_m04_station_centric_0000__task_0001-seed103-official_sa.json
dual16,sa_independent_v1_m05_station_centric_0000__task_0000-seed101,1129100,sa_independent_v1_m05_station_centric_0000,21,1.5887837169999997,0.48631369000031555,0.6508113690015307,feasible,True,2.841868753000199,14,296,15_percent,20992,136,2660,True,build/sa-independent-confirmation-supervisor-v2/raw/sa_independent_v1_m05_station_centric_0000__task_0000-seed101-dual16.json
dual16_sa,sa_independent_v1_m05_station_centric_0000__task_0000-seed101,731656,sa_independent_v1_m05_station_centric_0000,11,0.998661141,0.48388355299994146,0.3413251060010225,feasible,True,1.8854132480000771,14,296,15_percent,20964,135,2662,True,build/sa-independent-confirmation-supervisor-v2/raw/sa_independent_v1_m05_station_centric_0000__task_0000-seed101-dual16_sa.json
official,sa_independent_v1_m05_station_centric_0000__task_0000-seed101,393310,sa_independent_v1_m05_station_centric_0000,22,0.4595501840000001,0.5119864509997569,1.8261998775415123e-05,feasible,True,1.1136373179997463,14,296,15_percent,20979,136,2607,True,build/sa-independent-confirmation-supervisor-v2/raw/sa_independent_v1_m05_station_centric_0000__task_0000-seed101-official.json
official_sa,sa_independent_v1_m05_station_centric_0000__task_0000-seed101,280345,sa_independent_v1_m05_station_centric_0000,16,0.320025586,0.5014045349998923,1.0770000699267257e-05,feasible,True,0.9174933499998588,14,296,15_percent,21180,136,2706,True,build/sa-independent-confirmation-supervisor-v2/raw/sa_independent_v1_m05_station_centric_0000__task_0000-seed101-official_sa.json
dual16,sa_independent_v1_m05_station_centric_0000__task_0000-seed103,313963,sa_independent_v1_m05_station_centric_0000,10,0.36064142000000005,0.41771107900012794,0.3113600609999594,feasible,True,1.1490025210000567,17,296,15_percent,21562,119,3138,True,build/sa-independent-confirmation-supervisor-v2/raw/sa_independent_v1_m05_station_centric_0000__task_0000-seed103-dual16.json
dual16_sa,sa_independent_v1_m05_station_centric_0000__task_0000-seed103,278764,sa_independent_v1_m05_station_centric_0000,11,0.327202607,0.4109262690003561,0.3397185540011378,feasible,True,1.1403637460002756,17,296,15_percent,21609,119,3141,True,build/sa-independent-confirmation-supervisor-v2/raw/sa_independent_v1_m05_station_centric_0000__task_0000-seed103-dual16_sa.json
official,sa_independent_v1_m05_station_centric_0000__task_0000-seed103,439726,sa_independent_v1_m05_station_centric_0000,27,0.4313835550000001,0.4016821670002173,1.8735999219643418e-05,feasible,True,1.0236514140001418,17,296,15_percent,21495,117,2969,True,build/sa-independent-confirmation-supervisor-v2/raw/sa_independent_v1_m05_station_centric_0000__task_0000-seed103-official.json
official_sa,sa_independent_v1_m05_station_centric_0000__task_0000-seed103,373057,sa_independent_v1_m05_station_centric_0000,22,0.44101648,0.3979884979999042,1.701399969533668e-05,feasible,True,0.9828544659999352,17,296,15_percent,21619,119,3121,True,build/sa-independent-confirmation-supervisor-v2/raw/sa_independent_v1_m05_station_centric_0000__task_0000-seed103-official_sa.json
dual16,sa_independent_v1_m05_station_centric_0000__task_0001-seed101,23024071,sa_independent_v1_m05_station_centric_0000,301,39.767625398000014,1.8216119690000596,14.98684689099764,deadline,False,,199,493,25_percent,40960,168,7001,False,build/sa-independent-confirmation-supervisor-v2/raw/sa_independent_v1_m05_station_centric_0000__task_0001-seed101-dual16.json
dual16_sa,sa_independent_v1_m05_station_centric_0000__task_0001-seed101,6877029,sa_independent_v1_m05_station_centric_0000,94,10.464516533000005,1.8227901700001894,4.45401278099871,feasible,True,17.750176211000053,199,493,25_percent,41266,168,7291,True,build/sa-independent-confirmation-supervisor-v2/raw/sa_independent_v1_m05_station_centric_0000__task_0001-seed101-dual16_sa.json
official,sa_independent_v1_m05_station_centric_0000__task_0001-seed101,6490630,sa_independent_v1_m05_station_centric_0000,189,9.788793867000003,1.8407420269995782,0.000154400001065369,feasible,True,13.85599485199964,199,493,25_percent,40609,168,7024,True,build/sa-independent-confirmation-supervisor-v2/raw/sa_independent_v1_m05_station_centric_0000__task_0001-seed101-official.json
official_sa,sa_independent_v1_m05_station_centric_0000__task_0001-seed101,15866632,sa_independent_v1_m05_station_centric_0000,431,26.088964535000017,1.8702803400001358,0.000353890993665118,feasible,True,33.13459915200019,199,493,25_percent,41733,139,7880,True,build/sa-independent-confirmation-supervisor-v2/raw/sa_independent_v1_m05_station_centric_0000__task_0001-seed101-official_sa.json
dual16,sa_independent_v1_m05_station_centric_0000__task_0001-seed103,24375990,sa_independent_v1_m05_station_centric_0000,324,38.235185109,1.9249497990003874,16.162453343998095,deadline,False,,200,493,25_percent,40853,158,6818,False,build/sa-independent-confirmation-supervisor-v2/raw/sa_independent_v1_m05_station_centric_0000__task_0001-seed103-dual16.json
dual16_sa,sa_independent_v1_m05_station_centric_0000__task_0001-seed103,5933718,sa_independent_v1_m05_station_centric_0000,76,8.859015456999998,2.124495284999739,3.4576131400012855,feasible,True,15.235827835999771,200,493,25_percent,40988,156,7159,True,build/sa-independent-confirmation-supervisor-v2/raw/sa_independent_v1_m05_station_centric_0000__task_0001-seed103-dual16_sa.json
official,sa_independent_v1_m05_station_centric_0000__task_0001-seed103,13460233,sa_independent_v1_m05_station_centric_0000,439,20.185038456,2.1092070220001915,0.0003517310087772785,feasible,True,27.792849624000155,200,493,25_percent,40907,136,7314,True,build/sa-independent-confirmation-supervisor-v2/raw/sa_independent_v1_m05_station_centric_0000__task_0001-seed103-official.json
official_sa,sa_independent_v1_m05_station_centric_0000__task_0001-seed103,19307204,sa_independent_v1_m05_station_centric_0000,504,31.001717705000008,1.9481429750003372,0.0004171390010014875,feasible,True,39.02804332999949,200,493,25_percent,41992,135,7985,True,build/sa-independent-confirmation-supervisor-v2/raw/sa_independent_v1_m05_station_centric_0000__task_0001-seed103-official_sa.json
dual16,sa_independent_v1_m06_station_centric_0000__task_0000-seed101,471701,sa_independent_v1_m06_station_centric_0000,14,0.46659331400000004,0.4394585449999795,0.37975798600018607,feasible,True,1.3656143890002568,30,269,15_percent,19482,113,2658,True,build/sa-independent-confirmation-supervisor-v2/raw/sa_independent_v1_m06_station_centric_0000__task_0000-seed101-dual16.json
dual16_sa,sa_independent_v1_m06_station_centric_0000__task_0000-seed101,388194,sa_independent_v1_m06_station_centric_0000,9,0.398924259,0.44523133899929235,0.2531785999999556,feasible,True,1.147370484000021,30,269,15_percent,19471,113,2667,True,build/sa-independent-confirmation-supervisor-v2/raw/sa_independent_v1_m06_station_centric_0000__task_0000-seed101-dual16_sa.json
official,sa_independent_v1_m06_station_centric_0000__task_0000-seed101,595474,sa_independent_v1_m06_station_centric_0000,35,0.6489006180000001,0.46816356199997244,1.9964004422945436e-05,feasible,True,1.3126108649994421,30,269,15_percent,19620,118,2694,True,build/sa-independent-confirmation-supervisor-v2/raw/sa_independent_v1_m06_station_centric_0000__task_0000-seed101-official.json
official_sa,sa_independent_v1_m06_station_centric_0000__task_0000-seed101,1605043,sa_independent_v1_m06_station_centric_0000,89,1.954791911,0.46151123399977223,7.318799907807261e-05,feasible,True,3.011643885999547,30,269,15_percent,19908,129,3052,True,build/sa-independent-confirmation-supervisor-v2/raw/sa_independent_v1_m06_station_centric_0000__task_0000-seed101-official_sa.json
dual16,sa_independent_v1_m06_station_centric_0000__task_0000-seed103,405721,sa_independent_v1_m06_station_centric_0000,10,0.40703007900000004,0.3843139330001577,0.283445656999902,feasible,True,1.1286254579999877,22,269,15_percent,19756,139,2640,True,build/sa-independent-confirmation-supervisor-v2/raw/sa_independent_v1_m06_station_centric_0000__task_0000-seed103-dual16.json
dual16_sa,sa_independent_v1_m06_station_centric_0000__task_0000-seed103,3214176,sa_independent_v1_m06_station_centric_0000,87,4.258903895,0.4120283030006249,2.499874685991017,feasible,True,7.6798331530008,22,269,15_percent,20169,125,2787,True,build/sa-independent-confirmation-supervisor-v2/raw/sa_independent_v1_m06_station_centric_0000__task_0000-seed103-dual16_sa.json
official,sa_independent_v1_m06_station_centric_0000__task_0000-seed103,681079,sa_independent_v1_m06_station_centric_0000,53,0.7476448889999999,0.4026649399993403,4.3483000808919314e-05,feasible,True,1.5116280849997565,22,269,15_percent,19898,126,2672,True,build/sa-independent-confirmation-supervisor-v2/raw/sa_independent_v1_m06_station_centric_0000__task_0000-seed103-official.json
official_sa,sa_independent_v1_m06_station_centric_0000__task_0000-seed103,1770121,sa_independent_v1_m06_station_centric_0000,90,1.9209600209999997,0.39288348100035364,8.251899453171063e-05,feasible,True,2.8593238560006284,22,269,15_percent,19884,116,2718,True,build/sa-independent-confirmation-supervisor-v2/raw/sa_independent_v1_m06_station_centric_0000__task_0000-seed103-official_sa.json
dual16,sa_independent_v1_m06_station_centric_0000__task_0001-seed101,25638841,sa_independent_v1_m06_station_centric_0000,257,41.779874906,2.5277849979993334,12.749455933996614,deadline,False,,404,449,25_percent,43841,186,8709,False,build/sa-independent-confirmation-supervisor-v2/raw/sa_independent_v1_m06_station_centric_0000__task_0001-seed101-dual16.json
dual16_sa,sa_independent_v1_m06_station_centric_0000__task_0001-seed101,21278639,sa_independent_v1_m06_station_centric_0000,199,36.25364956100002,2.4505862300002264,9.90969838899855,feasible,True,50.97543085699999,404,449,25_percent,44665,327,9585,True,build/sa-independent-confirmation-supervisor-v2/raw/sa_independent_v1_m06_station_centric_0000__task_0001-seed101-dual16_sa.json
official,sa_independent_v1_m06_station_centric_0000__task_0001-seed101,29244135,sa_independent_v1_m06_station_centric_0000,750,47.713917187999975,2.7563503210003546,0.0006529529891849961,deadline,False,,404,449,25_percent,41085,162,7903,False,build/sa-independent-confirmation-supervisor-v2/raw/sa_independent_v1_m06_station_centric_0000__task_0001-seed101-official.json
official_sa,sa_independent_v1_m06_station_centric_0000__task_0001-seed101,22212688,sa_independent_v1_m06_station_centric_0000,562,35.23222633400001,2.506430008999814,0.0004143110099903424,feasible,True,44.6392809580002,404,449,25_percent,41819,177,8921,True,build/sa-independent-confirmation-supervisor-v2/raw/sa_independent_v1_m06_station_centric_0000__task_0001-seed101-official_sa.json
dual16,sa_independent_v1_m06_station_centric_0000__task_0001-seed103,24869180,sa_independent_v1_m06_station_centric_0000,255,42.423994425000025,2.2157314569994924,12.458243706997564,deadline,False,,384,449,25_percent,42366,153,9042,False,build/sa-independent-confirmation-supervisor-v2/raw/sa_independent_v1_m06_station_centric_0000__task_0001-seed103-dual16.json
dual16_sa,sa_independent_v1_m06_station_centric_0000__task_0001-seed103,15884731,sa_independent_v1_m06_station_centric_0000,154,26.188970762999976,2.4183253470000636,7.324771036997845,feasible,True,37.68027443899973,384,449,25_percent,42354,184,8912,True,build/sa-independent-confirmation-supervisor-v2/raw/sa_independent_v1_m06_station_centric_0000__task_0001-seed103-dual16_sa.json
official,sa_independent_v1_m06_station_centric_0000__task_0001-seed103,28618830,sa_independent_v1_m06_station_centric_0000,1065,43.833838146000026,2.336842137000531,0.0012114239916627412,deadline,False,,384,449,25_percent,40717,167,8131,False,build/sa-independent-confirmation-supervisor-v2/raw/sa_independent_v1_m06_station_centric_0000__task_0001-seed103-official.json
official_sa,sa_independent_v1_m06_station_centric_0000__task_0001-seed103,26991703,sa_independent_v1_m06_station_centric_0000,688,42.025872162999995,2.3258256490007625,0.0004917920023217448,feasible,True,53.05783739100025,384,449,25_percent,41511,138,8985,True,build/sa-independent-confirmation-supervisor-v2/raw/sa_independent_v1_m06_station_centric_0000__task_0001-seed103-official_sa.json
dual16,sa_independent_v1_m07_station_centric_0000__task_0000-seed101,1418800,sa_independent_v1_m07_station_centric_0000,73,1.523343505,0.23221813600048336,1.5742788990046392,feasible,True,3.661946917000023,15,229,15_percent,16247,113,2108,True,build/sa-independent-confirmation-supervisor-v2/raw/sa_independent_v1_m07_station_centric_0000__task_0000-seed101-dual16.json
dual16_sa,sa_independent_v1_m07_station_centric_0000__task_0000-seed101,207948,sa_independent_v1_m07_station_centric_0000,7,0.20014450499999994,0.23099473700040107,0.19340230799934943,feasible,True,0.6567987030002769,15,229,15_percent,16195,113,1948,True,build/sa-independent-confirmation-supervisor-v2/raw/sa_independent_v1_m07_station_centric_0000__task_0000-seed101-dual16_sa.json
official,sa_independent_v1_m07_station_centric_0000__task_0000-seed101,531923,sa_independent_v1_m07_station_centric_0000,41,0.500044351,0.23396098899956996,2.6341998818679713e-05,feasible,True,0.9439116579997062,15,229,15_percent,16206,113,1893,True,build/sa-independent-confirmation-supervisor-v2/raw/sa_independent_v1_m07_station_centric_0000__task_0000-seed101-official.json
official_sa,sa_independent_v1_m07_station_centric_0000__task_0000-seed101,609668,sa_independent_v1_m07_station_centric_0000,45,0.5705815899999999,0.23289570399992954,2.9503004043363035e-05,feasible,True,1.0212725250003132,15,229,15_percent,16549,146,2282,True,build/sa-independent-confirmation-supervisor-v2/raw/sa_independent_v1_m07_station_centric_0000__task_0000-seed101-official_sa.json
dual16,sa_independent_v1_m07_station_centric_0000__task_0000-seed103,635909,sa_independent_v1_m07_station_centric_0000,17,0.7322811889999999,0.27410316599980433,0.43223833099909825,feasible,True,1.5181968919996507,23,229,15_percent,16380,132,2213,True,build/sa-independent-confirmation-supervisor-v2/raw/sa_independent_v1_m07_station_centric_0000__task_0000-seed103-dual16.json
dual16_sa,sa_independent_v1_m07_station_centric_0000__task_0000-seed103,751759,sa_independent_v1_m07_station_centric_0000,19,0.920260807,0.27028975000030186,0.5063000070031194,feasible,True,1.7888562139996793,23,229,15_percent,16424,132,2297,True,build/sa-independent-confirmation-supervisor-v2/raw/sa_independent_v1_m07_station_centric_0000__task_0000-seed103-dual16_sa.json
official,sa_independent_v1_m07_station_centric_0000__task_0000-seed103,692595,sa_independent_v1_m07_station_centric_0000,46,0.7476080500000002,0.26815411699953984,3.0198003514669836e-05,feasible,True,1.2409926539994558,23,229,15_percent,16404,143,2195,True,build/sa-independent-confirmation-supervisor-v2/raw/sa_independent_v1_m07_station_centric_0000__task_0000-seed103-official.json
official_sa,sa_independent_v1_m07_station_centric_0000__task_0000-seed103,532366,sa_independent_v1_m07_station_centric_0000,36,0.6057806880000001,0.2774008260003029,2.5762002223927993e-05,feasible,True,1.0685682359999191,23,229,15_percent,16534,146,2227,True,build/sa-independent-confirmation-supervisor-v2/raw/sa_independent_v1_m07_station_centric_0000__task_0000-seed103-official_sa.json
dual16,sa_independent_v1_m07_station_centric_0000__task_0001-seed101,29089144,sa_independent_v1_m07_station_centric_0000,352,41.47478040100002,1.0972562480001216,14.152974119996543,deadline,False,,216,382,25_percent,31806,191,5736,False,build/sa-independent-confirmation-supervisor-v2/raw/sa_independent_v1_m07_station_centric_0000__task_0001-seed101-dual16.json
dual16_sa,sa_independent_v1_m07_station_centric_0000__task_0001-seed101,5708867,sa_independent_v1_m07_station_centric_0000,82,7.764993133000002,1.0671672609996676,3.106037968998862,feasible,True,12.670569156000056,216,382,25_percent,32660,184,6358,True,build/sa-independent-confirmation-supervisor-v2/raw/sa_independent_v1_m07_station_centric_0000__task_0001-seed101-dual16_sa.json
official,sa_independent_v1_m07_station_centric_0000__task_0001-seed101,7453804,sa_independent_v1_m07_station_centric_0000,282,9.913224063999998,1.0538226380003834,0.00019305500518385088,feasible,True,13.633963609000602,216,382,25_percent,30979,158,5505,True,build/sa-independent-confirmation-supervisor-v2/raw/sa_independent_v1_m07_station_centric_0000__task_0001-seed101-official.json
official_sa,sa_independent_v1_m07_station_centric_0000__task_0001-seed101,14974199,sa_independent_v1_m07_station_centric_0000,574,21.03050965199998,1.1950972229997205,0.0006083339976612478,feasible,True,27.723235481999836,216,382,25_percent,31697,146,6225,True,build/sa-independent-confirmation-supervisor-v2/raw/sa_independent_v1_m07_station_centric_0000__task_0001-seed101-official_sa.json
dual16,sa_independent_v1_m07_station_centric_0000__task_0001-seed103,7330300,sa_independent_v1_m07_station_centric_0000,158,9.587997062000003,1.101083964999816,5.929256536999674,feasible,True,18.02711639500012,258,382,25_percent,33038,152,6592,True,build/sa-independent-confirmation-supervisor-v2/raw/sa_independent_v1_m07_station_centric_0000__task_0001-seed103-dual16.json
dual16_sa,sa_independent_v1_m07_station_centric_0000__task_0001-seed103,10685541,sa_independent_v1_m07_station_centric_0000,188,14.400045098000005,1.1079359690002093,7.286909562999426,feasible,True,24.562951748999694,258,382,25_percent,34063,152,7613,True,build/sa-independent-confirmation-supervisor-v2/raw/sa_independent_v1_m07_station_centric_0000__task_0001-seed103-dual16_sa.json
official,sa_independent_v1_m07_station_centric_0000__task_0001-seed103,8884052,sa_independent_v1_m07_station_centric_0000,381,11.512458116999996,1.0930806710002798,0.0003442509987507947,feasible,True,16.181987038000443,258,382,25_percent,32947,147,6961,True,build/sa-independent-confirmation-supervisor-v2/raw/sa_independent_v1_m07_station_centric_0000__task_0001-seed103-official.json
official_sa,sa_independent_v1_m07_station_centric_0000__task_0001-seed103,19856188,sa_independent_v1_m07_station_centric_0000,625,28.051074754999988,1.0644983989996035,0.0004037969974888256,feasible,True,35.19168232700031,258,382,25_percent,33073,144,7227,True,build/sa-independent-confirmation-supervisor-v2/raw/sa_independent_v1_m07_station_centric_0000__task_0001-seed103-official_sa.json
dual16,sa_independent_v1_m00_station_centric_0000__task_0000-seed101,1170112,sa_independent_v1_m00_station_centric_0000,50,1.295919298,0.3288247569999996,1.0612988519999966,feasible,True,2.9109663590000032,26,282,15_percent,19613,111,2264,True,build/sa-independent-confirmation-v1/timed/sa_independent_v1_m00_station_centric_0000__task_0000-seed101-dual16.json
dual16_sa,sa_independent_v1_m00_station_centric_0000__task_0000-seed101,346949,sa_independent_v1_m00_station_centric_0000,11,0.28835197,0.33696472300000124,0.2685870440000073,feasible,True,0.9417975500000004,26,282,15_percent,19593,111,2254,True,build/sa-independent-confirmation-v1/timed/sa_independent_v1_m00_station_centric_0000__task_0000-seed101-dual16_sa.json
official,sa_independent_v1_m00_station_centric_0000__task_0000-seed101,669205,sa_independent_v1_m00_station_centric_0000,53,0.5405212030000001,0.33202811600000004,3.059600000199225e-05,feasible,True,1.1256164030000004,26,282,15_percent,19608,105,2215,True,build/sa-independent-confirmation-v1/timed/sa_independent_v1_m00_station_centric_0000__task_0000-seed101-official.json
official_sa,sa_independent_v1_m00_station_centric_0000__task_0000-seed101,423137,sa_independent_v1_m00_station_centric_0000,31,0.32952418299999997,0.3387689070000022,2.4071999984442982e-05,feasible,True,0.8153439089999992,26,282,15_percent,19704,111,2331,True,build/sa-independent-confirmation-v1/timed/sa_independent_v1_m00_station_centric_0000__task_0000-seed101-official_sa.json
dual16,sa_independent_v1_m00_station_centric_0000__task_0000-seed103,194824,sa_independent_v1_m00_station_centric_0000,8,0.167151979,0.31136946899999884,0.1989841950000084,feasible,True,0.7135404379999954,18,282,15_percent,19046,116,2059,True,build/sa-independent-confirmation-v1/timed/sa_independent_v1_m00_station_centric_0000__task_0000-seed103-dual16.json
dual16_sa,sa_independent_v1_m00_station_centric_0000__task_0000-seed103,194824,sa_independent_v1_m00_station_centric_0000,8,0.17614070199999998,0.30358498899999375,0.20372752700000518,feasible,True,0.7192214679999935,18,282,15_percent,19046,116,2059,True,build/sa-independent-confirmation-v1/timed/sa_independent_v1_m00_station_centric_0000__task_0000-seed103-dual16_sa.json
official,sa_independent_v1_m00_station_centric_0000__task_0000-seed103,599909,sa_independent_v1_m00_station_centric_0000,41,0.491347788,0.3127760209999977,2.2212000047261427e-05,feasible,True,0.9979732279999993,18,282,15_percent,19132,116,2039,True,build/sa-independent-confirmation-v1/timed/sa_independent_v1_m00_station_centric_0000__task_0000-seed103-official.json
official_sa,sa_independent_v1_m00_station_centric_0000__task_0000-seed103,495649,sa_independent_v1_m00_station_centric_0000,38,0.439580942,0.3237093540000018,2.372999998101477e-05,feasible,True,0.9523139660000055,18,282,15_percent,19354,116,2199,True,build/sa-independent-confirmation-v1/timed/sa_independent_v1_m00_station_centric_0000__task_0000-seed103-official_sa.json
dual16,sa_independent_v1_m00_station_centric_0000__task_0001-seed101,33466551,sa_independent_v1_m00_station_centric_0000,354,41.64589531700004,1.3020669920000003,13.863875609999901,deadline,False,,163,469,25_percent,39369,140,6864,False,build/sa-independent-confirmation-v1/timed/sa_independent_v1_m00_station_centric_0000__task_0001-seed101-dual16.json
dual16_sa,sa_independent_v1_m00_station_centric_0000__task_0001-seed101,13512439,sa_independent_v1_m00_station_centric_0000,141,17.481036289999995,1.3262755709999965,5.403805803000182,feasible,True,25.506720946,163,469,25_percent,41934,146,8301,True,build/sa-independent-confirmation-v1/timed/sa_independent_v1_m00_station_centric_0000__task_0001-seed101-dual16_sa.json
official,sa_independent_v1_m00_station_centric_0000__task_0001-seed101,20984946,sa_independent_v1_m00_station_centric_0000,628,27.29108538099999,1.4001017330000423,0.0004469719999633526,feasible,True,35.57311503100004,163,469,25_percent,39597,135,7434,True,build/sa-independent-confirmation-v1/timed/sa_independent_v1_m00_station_centric_0000__task_0001-seed101-official.json
official_sa,sa_independent_v1_m00_station_centric_0000__task_0001-seed101,7935117,sa_independent_v1_m00_station_centric_0000,247,8.760947057999998,1.3170439829999907,0.0001563509997595247,feasible,True,12.299775083000014,163,469,25_percent,39982,152,7531,True,build/sa-independent-confirmation-v1/timed/sa_independent_v1_m00_station_centric_0000__task_0001-seed101-official_sa.json
dual16,sa_independent_v1_m00_station_centric_0000__task_0001-seed103,29255083,sa_independent_v1_m00_station_centric_0000,412,37.650024146,1.5335983100000021,16.830508911002198,deadline,False,,265,469,25_percent,39068,130,7031,False,build/sa-independent-confirmation-v1/timed/sa_independent_v1_m00_station_centric_0000__task_0001-seed103-dual16.json
dual16_sa,sa_independent_v1_m00_station_centric_0000__task_0001-seed103,33372921,sa_independent_v1_m00_station_centric_0000,330,42.039667126999966,1.5538043699999662,13.291891144000829,deadline,False,,265,469,25_percent,39359,148,7186,False,build/sa-independent-confirmation-v1/timed/sa_independent_v1_m00_station_centric_0000__task_0001-seed103-dual16_sa.json
official,sa_independent_v1_m00_station_centric_0000__task_0001-seed103,17495900,sa_independent_v1_m00_station_centric_0000,474,24.56070592399999,1.6703667049999922,0.0003597130007619853,feasible,True,31.36920658400004,265,469,25_percent,39124,146,7279,True,build/sa-independent-confirmation-v1/timed/sa_independent_v1_m00_station_centric_0000__task_0001-seed103-official.json
official_sa,sa_independent_v1_m00_station_centric_0000__task_0001-seed103,32309320,sa_independent_v1_m00_station_centric_0000,802,46.85124625200003,1.7065466389999528,0.0005105750016127786,feasible,True,57.456131734999985,265,469,25_percent,41235,139,8670,True,build/sa-independent-confirmation-v1/timed/sa_independent_v1_m00_station_centric_0000__task_0001-seed103-official_sa.json
dual16,sa_independent_v1_m01_station_centric_0000__task_0000-seed101,453255,sa_independent_v1_m01_station_centric_0000,11,0.412746356,0.41113416700000016,0.2908494870002869,feasible,True,1.1693572680001125,48,269,15_percent,19678,129,2423,True,build/sa-independent-confirmation-v1/timed/sa_independent_v1_m01_station_centric_0000__task_0000-seed101-dual16.json
dual16_sa,sa_independent_v1_m01_station_centric_0000__task_0000-seed101,602342,sa_independent_v1_m01_station_centric_0000,15,0.6090522939999999,0.43412874799992096,0.41577820499992413,feasible,True,1.5359611589999531,48,269,15_percent,19840,129,2495,True,build/sa-independent-confirmation-v1/timed/sa_independent_v1_m01_station_centric_0000__task_0000-seed101-dual16_sa.json
official,sa_independent_v1_m01_station_centric_0000__task_0000-seed101,1308056,sa_independent_v1_m01_station_centric_0000,70,1.2121151479999996,0.47527851300014845,4.8599000365356915e-05,feasible,True,2.066669882000042,48,269,15_percent,19706,123,2559,True,build/sa-independent-confirmation-v1/timed/sa_independent_v1_m01_station_centric_0000__task_0000-seed101-official.json
official_sa,sa_independent_v1_m01_station_centric_0000__task_0000-seed101,973157,sa_independent_v1_m01_station_centric_0000,53,0.9004739279999999,0.3965002639999966,3.601100115702138e-05,feasible,True,1.5774407660001089,48,269,15_percent,19888,129,2501,True,build/sa-independent-confirmation-v1/timed/sa_independent_v1_m01_station_centric_0000__task_0000-seed101-official_sa.json
dual16,sa_independent_v1_m01_station_centric_0000__task_0000-seed103,1534677,sa_independent_v1_m01_station_centric_0000,37,1.646769506,0.38703028999998423,0.9105093130003752,feasible,True,3.121649009000066,72,269,15_percent,19574,135,2359,True,build/sa-independent-confirmation-v1/timed/sa_independent_v1_m01_station_centric_0000__task_0000-seed103-dual16.json
dual16_sa,sa_independent_v1_m01_station_centric_0000__task_0000-seed103,1522340,sa_independent_v1_m01_station_centric_0000,48,1.5409013509999998,0.3863007270001617,1.1307737549998365,feasible,True,3.2891643650000333,72,269,15_percent,19338,135,2229,True,build/sa-independent-confirmation-v1/timed/sa_independent_v1_m01_station_centric_0000__task_0000-seed103-dual16_sa.json
official,sa_independent_v1_m01_station_centric_0000__task_0000-seed103,1396186,sa_independent_v1_m01_station_centric_0000,67,1.3871791939999993,0.3868766959999448,3.957799890486058e-05,feasible,True,2.093938236999975,72,269,15_percent,19359,118,2274,True,build/sa-independent-confirmation-v1/timed/sa_independent_v1_m01_station_centric_0000__task_0000-seed103-official.json
official_sa,sa_independent_v1_m01_station_centric_0000__task_0000-seed103,1464360,sa_independent_v1_m01_station_centric_0000,71,1.4310782960000001,0.3827386259999912,4.5518999513660674e-05,feasible,True,2.1786146839999674,72,269,15_percent,19488,119,2325,True,build/sa-independent-confirmation-v1/timed/sa_independent_v1_m01_station_centric_0000__task_0000-seed103-official_sa.json
dual16,sa_independent_v1_m01_station_centric_0000__task_0001-seed101,14605555,sa_independent_v1_m01_station_centric_0000,306,19.420577669,1.6814584470000682,11.681510185002026,feasible,True,35.72017421400005,236,449,25_percent,39773,231,5946,True,build/sa-independent-confirmation-v1/timed/sa_independent_v1_m01_station_centric_0000__task_0001-seed101-dual16.json
dual16_sa,sa_independent_v1_m01_station_centric_0000__task_0001-seed101,17787479,sa_independent_v1_m01_station_centric_0000,166,24.276910975999996,1.6841717259999314,6.603146343999697,feasible,True,34.15753407399984,236,449,25_percent,39222,154,6203,True,build/sa-independent-confirmation-v1/timed/sa_independent_v1_m01_station_centric_0000__task_0001-seed101-dual16_sa.json
official_sa,sa_independent_v1_m01_station_centric_0000__task_0001-seed101,26744980,sa_independent_v1_m01_station_centric_0000,697,35.689634011999985,1.6477421519998643,0.00045419200046126207,feasible,True,44.64204201999996,236,449,25_percent,39191,155,6656,True,build/sa-independent-confirmation-v1/timed/sa_independent_v1_m01_station_centric_0000__task_0001-seed101-official_sa.json
