agent_count,heldout_trial,map_id,oracle_candidate_id,oracle_final_conflict_ratio_regret,oracle_normalized_step_auc_regret,selected_candidate_id,selected_feasible,selected_minus_v2_final_conflict_ratio,selected_minus_v2_normalized_step_auc,selected_minus_v2_total_seconds,selected_vs_v2_outcome,state_id,v2_candidate_id,v2_feasible
200,0,policy_train_compartmentalized_double_horizontal_0001,neighborhood-2009fb47f906235f,0.0,0.0,neighborhood-2009fb47f906235f,True,0.0,0.0,-0.009253434000001448,1,s3__policy_train__policy_train_compartmentalized_double_horizontal_0001__task_0008__seed_0000__realized_dynamic__decision_0000__0006,neighborhood-cdaf7f7111f81637,True
200,1,policy_train_compartmentalized_double_horizontal_0001,neighborhood-ea6fa0d6984d1acd,0.0,0.0,neighborhood-2009fb47f906235f,True,0.0,0.0,-0.00016049300000986477,1,s3__policy_train__policy_train_compartmentalized_double_horizontal_0001__task_0008__seed_0000__realized_dynamic__decision_0000__0006,neighborhood-cdaf7f7111f81637,True
200,2,policy_train_compartmentalized_double_horizontal_0001,neighborhood-2009fb47f906235f,0.0,0.0,neighborhood-2009fb47f906235f,True,0.0,0.0,-0.000184448999995368,1,s3__policy_train__policy_train_compartmentalized_double_horizontal_0001__task_0008__seed_0000__realized_dynamic__decision_0000__0006,neighborhood-cdaf7f7111f81637,True
200,3,policy_train_compartmentalized_double_horizontal_0001,neighborhood-2009fb47f906235f,0.0,0.0,neighborhood-2009fb47f906235f,True,0.0,0.0,-0.0017489470000029428,1,s3__policy_train__policy_train_compartmentalized_double_horizontal_0001__task_0008__seed_0000__realized_dynamic__decision_0000__0006,neighborhood-cdaf7f7111f81637,True
600,0,policy_train_compartmentalized_double_horizontal_0001,neighborhood-08e843f52995b092,0.09574468085106391,-0.03368794326241131,neighborhood-336af1eb1254d514,False,0.0,0.0,0.0,0,s3__policy_train__policy_train_compartmentalized_double_horizontal_0001__task_0016__seed_0000__official_adaptive__decision_0000__0040,neighborhood-336af1eb1254d514,False
600,1,policy_train_compartmentalized_double_horizontal_0001,neighborhood-336af1eb1254d514,0.202127659574468,0.17553191489361708,neighborhood-9d9bfc3228790572,False,0.202127659574468,0.17553191489361708,-0.2086997649999489,-1,s3__policy_train__policy_train_compartmentalized_double_horizontal_0001__task_0016__seed_0000__official_adaptive__decision_0000__0040,neighborhood-336af1eb1254d514,False
600,2,policy_train_compartmentalized_double_horizontal_0001,neighborhood-0d85f62f9abd79a0,0.042553191489361764,-0.07092198581560283,neighborhood-336af1eb1254d514,False,0.0,0.0,0.0,0,s3__policy_train__policy_train_compartmentalized_double_horizontal_0001__task_0016__seed_0000__official_adaptive__decision_0000__0040,neighborhood-336af1eb1254d514,False
600,3,policy_train_compartmentalized_double_horizontal_0001,neighborhood-9d9bfc3228790572,0.2021276595744681,0.1471631205673759,neighborhood-0d85f62f9abd79a0,False,0.15957446808510645,0.1400709219858156,0.5531783800000198,-1,s3__policy_train__policy_train_compartmentalized_double_horizontal_0001__task_0016__seed_0000__official_adaptive__decision_0000__0040,neighborhood-336af1eb1254d514,False
100,0,policy_train_compartmentalized_double_horizontal_0002,neighborhood-fd91e86e2e59e33c,0.0,0.0,neighborhood-39498bf3b29c568a,True,0.0,-0.33333333333333337,-0.080718753999804,1,s3__policy_train__policy_train_compartmentalized_double_horizontal_0002__task_0006__seed_0000__fixed_random__decision_0009__0001,neighborhood-f8906dff8fee64d5,True
100,1,policy_train_compartmentalized_double_horizontal_0002,neighborhood-ebaa41666283dd55,0.0,0.33333333333333337,neighborhood-81383f8af226d69d,True,0.0,0.0,-0.002511007999942194,1,s3__policy_train__policy_train_compartmentalized_double_horizontal_0002__task_0006__seed_0000__fixed_random__decision_0009__0001,neighborhood-f8906dff8fee64d5,True
100,2,policy_train_compartmentalized_double_horizontal_0002,neighborhood-d947482caf3837bd,0.0,0.0,neighborhood-39498bf3b29c568a,True,-0.5,-0.41666666666666674,-0.07887155800005985,1,s3__policy_train__policy_train_compartmentalized_double_horizontal_0002__task_0006__seed_0000__fixed_random__decision_0009__0001,neighborhood-f8906dff8fee64d5,False
100,3,policy_train_compartmentalized_double_horizontal_0002,neighborhood-81383f8af226d69d,0.5,0.41666666666666674,neighborhood-fd91e86e2e59e33c,False,0.0,0.0,-0.0050505460000067615,1,s3__policy_train__policy_train_compartmentalized_double_horizontal_0002__task_0006__seed_0000__fixed_random__decision_0009__0001,neighborhood-f8906dff8fee64d5,False
400,0,policy_train_compartmentalized_double_horizontal_0002,neighborhood-3f0283cdb31bfc90,0.045454545454545525,0.053030303030303094,neighborhood-6a63453d2de5f189,False,0.045454545454545525,0.053030303030303094,0.06408318899991627,-1,s3__policy_train__policy_train_compartmentalized_double_horizontal_0002__task_0014__seed_0000__realized_dynamic__decision_0007__0017,neighborhood-3f0283cdb31bfc90,False
400,1,policy_train_compartmentalized_double_horizontal_0002,neighborhood-1dd95bac7e375f53,0.045454545454545414,-0.09848484848484851,neighborhood-6a63453d2de5f189,False,-0.045454545454545525,-0.11363636363636365,0.0208889990001353,1,s3__policy_train__policy_train_compartmentalized_double_horizontal_0002__task_0014__seed_0000__realized_dynamic__decision_0007__0017,neighborhood-3f0283cdb31bfc90,False
400,2,policy_train_compartmentalized_double_horizontal_0002,neighborhood-6a63453d2de5f189,0.0,0.0,neighborhood-6a63453d2de5f189,False,-0.045454545454545414,-0.007575757575757569,-0.20741934799991668,1,s3__policy_train__policy_train_compartmentalized_double_horizontal_0002__task_0014__seed_0000__realized_dynamic__decision_0007__0017,neighborhood-3f0283cdb31bfc90,False
400,3,policy_train_compartmentalized_double_horizontal_0002,neighborhood-6a63453d2de5f189,0.0,0.0,neighborhood-6a63453d2de5f189,False,-0.09090909090909094,-0.09090909090909094,-0.27849019900020267,1,s3__policy_train__policy_train_compartmentalized_double_horizontal_0002__task_0014__seed_0000__realized_dynamic__decision_0007__0017,neighborhood-3f0283cdb31bfc90,False
600,0,policy_train_dead_end_aisles_0002,neighborhood-61653611c50c9599,0.0,0.0,neighborhood-08f619b14a47e8e5,True,0.0,0.0,-0.0006334160000278644,-1,s3__policy_train__policy_train_dead_end_aisles_0002__task_0019__seed_0000__official_adaptive__decision_0000__0093,neighborhood-61653611c50c9599,True
600,1,policy_train_dead_end_aisles_0002,neighborhood-08f619b14a47e8e5,0.0,0.16666666666666669,neighborhood-02ea817cfbcb3903,True,0.0,0.0,-0.017411546999937855,1,s3__policy_train__policy_train_dead_end_aisles_0002__task_0019__seed_0000__official_adaptive__decision_0000__0093,neighborhood-61653611c50c9599,True
600,2,policy_train_dead_end_aisles_0002,neighborhood-02ea817cfbcb3903,0.0,0.0,neighborhood-08f619b14a47e8e5,True,0.0,0.0,0.010427023000033842,-1,s3__policy_train__policy_train_dead_end_aisles_0002__task_0019__seed_0000__official_adaptive__decision_0000__0093,neighborhood-61653611c50c9599,True
600,3,policy_train_dead_end_aisles_0002,neighborhood-1a43eed521168516,0.0,0.0,neighborhood-08f619b14a47e8e5,True,0.0,0.0,0.02395095000008496,-1,s3__policy_train__policy_train_dead_end_aisles_0002__task_0019__seed_0000__official_adaptive__decision_0000__0093,neighborhood-61653611c50c9599,True
600,0,policy_train_regular_beltway_0000,neighborhood-a71a6a6cd6ee7b63,0.6,0.23333333333333328,neighborhood-a11aafa1e144b13e,False,0.6,0.23333333333333328,0.05077334400016298,-1,s3__policy_train__policy_train_regular_beltway_0000__task_0016__seed_0000__official_adaptive__decision_0004__0113,neighborhood-a71a6a6cd6ee7b63,True
600,1,policy_train_regular_beltway_0000,neighborhood-08a12470955a79c7,0.2,0.16666666666666663,neighborhood-09da32c272317f8e,False,-0.2,-0.16666666666666674,-0.01242667300004996,1,s3__policy_train__policy_train_regular_beltway_0000__task_0016__seed_0000__official_adaptive__decision_0004__0113,neighborhood-a71a6a6cd6ee7b63,False
600,2,policy_train_regular_beltway_0000,neighborhood-a11aafa1e144b13e,0.0,0.2,neighborhood-09da32c272317f8e,True,-0.6,-0.09999999999999998,-0.024299118000101316,1,s3__policy_train__policy_train_regular_beltway_0000__task_0016__seed_0000__official_adaptive__decision_0004__0113,neighborhood-a71a6a6cd6ee7b63,False
600,3,policy_train_regular_beltway_0000,neighborhood-a71a6a6cd6ee7b63,0.0,0.13333333333333336,neighborhood-09da32c272317f8e,True,0.0,0.13333333333333336,0.10962225700012596,-1,s3__policy_train__policy_train_regular_beltway_0000__task_0016__seed_0000__official_adaptive__decision_0004__0113,neighborhood-a71a6a6cd6ee7b63,True
400,0,policy_train_regular_beltway_0002,neighborhood-2ba1c5885f7a7df9,0.0,0.0,neighborhood-2ba1c5885f7a7df9,True,0.0,0.0,-0.0007919230000652533,1,s3__policy_train__policy_train_regular_beltway_0002__task_0015__seed_0000__realized_dynamic__decision_0000__0110,neighborhood-64a071801e0b6e72,True
400,1,policy_train_regular_beltway_0002,neighborhood-452e74a4af5ffbb2,0.0,0.0,neighborhood-2ba1c5885f7a7df9,True,0.0,0.0,-0.0013862550000567353,1,s3__policy_train__policy_train_regular_beltway_0002__task_0015__seed_0000__realized_dynamic__decision_0000__0110,neighborhood-64a071801e0b6e72,True
400,2,policy_train_regular_beltway_0002,neighborhood-1a9ee265e4a28ae2,0.0,0.0,neighborhood-2ba1c5885f7a7df9,True,0.0,0.0,0.0009347099999672537,-1,s3__policy_train__policy_train_regular_beltway_0002__task_0015__seed_0000__realized_dynamic__decision_0000__0110,neighborhood-64a071801e0b6e72,True
400,3,policy_train_regular_beltway_0002,neighborhood-2ba1c5885f7a7df9,0.0,0.0,neighborhood-2ba1c5885f7a7df9,True,0.0,0.0,-0.006242030999999315,1,s3__policy_train__policy_train_regular_beltway_0002__task_0015__seed_0000__realized_dynamic__decision_0000__0110,neighborhood-64a071801e0b6e72,True
