agent_count,deviated_from_v2,heldout_trial,improvement_threshold,layout_mode,map_id,model_s3_arm_id,outcome,outcome_score,policy_id,selected_arm_id,selected_feasible,selected_final_conflict_ratio,selected_normalized_auc_seconds,selected_total_seconds,selection_reason,state_id,v2_arm_id,v2_feasible,v2_final_conflict_ratio,v2_normalized_auc_seconds,v2_total_seconds
200,True,0,0.0,compartmentalized,policy_train_compartmentalized_double_horizontal_0001,model_s3,win,1,loo_expected_t0.00,oracle_s3_efficiency,True,0.0,0.025028692999995883,0.07392995000006408,auc_improvement,s3__policy_train__policy_train_compartmentalized_double_horizontal_0001__task_0011__seed_0000__fixed_random__decision_0000__0013,v2_full,True,0.0,0.09358409150000568,0.26022624300006214
200,True,0,0.05,compartmentalized,policy_train_compartmentalized_double_horizontal_0001,model_s3,win,1,loo_expected_t0.05,oracle_s3_efficiency,True,0.0,0.025028692999995883,0.07392995000006408,auc_improvement,s3__policy_train__policy_train_compartmentalized_double_horizontal_0001__task_0011__seed_0000__fixed_random__decision_0000__0013,v2_full,True,0.0,0.09358409150000568,0.26022624300006214
200,True,0,0.1,compartmentalized,policy_train_compartmentalized_double_horizontal_0001,model_s3,win,1,loo_expected_t0.10,oracle_s3_efficiency,True,0.0,0.025028692999995883,0.07392995000006408,auc_improvement,s3__policy_train__policy_train_compartmentalized_double_horizontal_0001__task_0011__seed_0000__fixed_random__decision_0000__0013,v2_full,True,0.0,0.09358409150000568,0.26022624300006214
200,True,0,,compartmentalized,policy_train_compartmentalized_double_horizontal_0001,model_s3,win,1,model_s3_reference,model_s3,True,0.0,0.019573389999976598,0.06795033000005901,recorded_model_s3_arm,s3__policy_train__policy_train_compartmentalized_double_horizontal_0001__task_0011__seed_0000__fixed_random__decision_0000__0013,v2_full,True,0.0,0.09358409150000568,0.26022624300006214
200,True,1,0.0,compartmentalized,policy_train_compartmentalized_double_horizontal_0001,model_s3,win,1,loo_expected_t0.00,oracle_s3_efficiency,True,0.0,0.022335749999996324,0.0705875590000744,auc_improvement,s3__policy_train__policy_train_compartmentalized_double_horizontal_0001__task_0011__seed_0000__fixed_random__decision_0000__0013,v2_full,True,0.0,0.17304326299999673,0.47206700600006
200,True,1,0.05,compartmentalized,policy_train_compartmentalized_double_horizontal_0001,model_s3,win,1,loo_expected_t0.05,oracle_s3_efficiency,True,0.0,0.022335749999996324,0.0705875590000744,auc_improvement,s3__policy_train__policy_train_compartmentalized_double_horizontal_0001__task_0011__seed_0000__fixed_random__decision_0000__0013,v2_full,True,0.0,0.17304326299999673,0.47206700600006
200,True,1,0.1,compartmentalized,policy_train_compartmentalized_double_horizontal_0001,model_s3,win,1,loo_expected_t0.10,oracle_s3_efficiency,True,0.0,0.022335749999996324,0.0705875590000744,auc_improvement,s3__policy_train__policy_train_compartmentalized_double_horizontal_0001__task_0011__seed_0000__fixed_random__decision_0000__0013,v2_full,True,0.0,0.17304326299999673,0.47206700600006
200,True,1,,compartmentalized,policy_train_compartmentalized_double_horizontal_0001,model_s3,win,1,model_s3_reference,model_s3,True,0.0,0.044351813500014714,0.17233454800006598,recorded_model_s3_arm,s3__policy_train__policy_train_compartmentalized_double_horizontal_0001__task_0011__seed_0000__fixed_random__decision_0000__0013,v2_full,True,0.0,0.17304326299999673,0.47206700600006
200,True,2,0.0,compartmentalized,policy_train_compartmentalized_double_horizontal_0001,model_s3,win,1,loo_expected_t0.00,oracle_s3_efficiency,True,0.0,0.02954267500001606,0.08016663400005086,auc_improvement,s3__policy_train__policy_train_compartmentalized_double_horizontal_0001__task_0011__seed_0000__fixed_random__decision_0000__0013,v2_full,True,0.0,0.3565734070000417,0.5441875150000612
200,True,2,0.05,compartmentalized,policy_train_compartmentalized_double_horizontal_0001,model_s3,win,1,loo_expected_t0.05,oracle_s3_efficiency,True,0.0,0.02954267500001606,0.08016663400005086,auc_improvement,s3__policy_train__policy_train_compartmentalized_double_horizontal_0001__task_0011__seed_0000__fixed_random__decision_0000__0013,v2_full,True,0.0,0.3565734070000417,0.5441875150000612
200,True,2,0.1,compartmentalized,policy_train_compartmentalized_double_horizontal_0001,model_s3,win,1,loo_expected_t0.10,oracle_s3_efficiency,True,0.0,0.02954267500001606,0.08016663400005086,auc_improvement,s3__policy_train__policy_train_compartmentalized_double_horizontal_0001__task_0011__seed_0000__fixed_random__decision_0000__0013,v2_full,True,0.0,0.3565734070000417,0.5441875150000612
200,True,2,,compartmentalized,policy_train_compartmentalized_double_horizontal_0001,model_s3,win,1,model_s3_reference,model_s3,True,0.0,0.07860554100000172,0.2540916200000538,recorded_model_s3_arm,s3__policy_train__policy_train_compartmentalized_double_horizontal_0001__task_0011__seed_0000__fixed_random__decision_0000__0013,v2_full,True,0.0,0.3565734070000417,0.5441875150000612
200,True,3,0.0,compartmentalized,policy_train_compartmentalized_double_horizontal_0001,model_s3,win,1,loo_expected_t0.00,oracle_s3_efficiency,True,0.0,0.029193657999996958,0.07841983400004437,auc_improvement,s3__policy_train__policy_train_compartmentalized_double_horizontal_0001__task_0011__seed_0000__fixed_random__decision_0000__0013,v2_full,True,0.0,0.27985786750002717,0.8257609270000614
200,True,3,0.05,compartmentalized,policy_train_compartmentalized_double_horizontal_0001,model_s3,win,1,loo_expected_t0.05,oracle_s3_efficiency,True,0.0,0.029193657999996958,0.07841983400004437,auc_improvement,s3__policy_train__policy_train_compartmentalized_double_horizontal_0001__task_0011__seed_0000__fixed_random__decision_0000__0013,v2_full,True,0.0,0.27985786750002717,0.8257609270000614
200,True,3,0.1,compartmentalized,policy_train_compartmentalized_double_horizontal_0001,model_s3,win,1,loo_expected_t0.10,oracle_s3_efficiency,True,0.0,0.029193657999996958,0.07841983400004437,auc_improvement,s3__policy_train__policy_train_compartmentalized_double_horizontal_0001__task_0011__seed_0000__fixed_random__decision_0000__0013,v2_full,True,0.0,0.27985786750002717,0.8257609270000614
200,True,3,,compartmentalized,policy_train_compartmentalized_double_horizontal_0001,model_s3,win,1,model_s3_reference,model_s3,True,0.0,0.016699770000002445,0.06494720000006282,recorded_model_s3_arm,s3__policy_train__policy_train_compartmentalized_double_horizontal_0001__task_0011__seed_0000__fixed_random__decision_0000__0013,v2_full,True,0.0,0.27985786750002717,0.8257609270000614
600,True,0,0.0,compartmentalized,policy_train_compartmentalized_double_horizontal_0001,v2_full,win,1,loo_expected_t0.00,oracle_h1_efficiency,True,0.0,2.2504768840319156,12.760680125999984,higher_feasible_rate,s3__policy_train__policy_train_compartmentalized_double_horizontal_0001__task_0016__seed_0000__official_adaptive__decision_0000__0040,v2_full,False,0.05319148936170213,4.732691521372353,18.421972653999987
600,True,0,0.05,compartmentalized,policy_train_compartmentalized_double_horizontal_0001,v2_full,win,1,loo_expected_t0.05,oracle_h1_efficiency,True,0.0,2.2504768840319156,12.760680125999984,higher_feasible_rate,s3__policy_train__policy_train_compartmentalized_double_horizontal_0001__task_0016__seed_0000__official_adaptive__decision_0000__0040,v2_full,False,0.05319148936170213,4.732691521372353,18.421972653999987
600,True,0,0.1,compartmentalized,policy_train_compartmentalized_double_horizontal_0001,v2_full,win,1,loo_expected_t0.10,oracle_h1_efficiency,True,0.0,2.2504768840319156,12.760680125999984,higher_feasible_rate,s3__policy_train__policy_train_compartmentalized_double_horizontal_0001__task_0016__seed_0000__official_adaptive__decision_0000__0040,v2_full,False,0.05319148936170213,4.732691521372353,18.421972653999987
600,False,0,,compartmentalized,policy_train_compartmentalized_double_horizontal_0001,v2_full,tie,0,model_s3_reference,v2_full,False,0.05319148936170213,4.732691521372353,18.421972653999987,recorded_model_s3_arm,s3__policy_train__policy_train_compartmentalized_double_horizontal_0001__task_0016__seed_0000__official_adaptive__decision_0000__0040,v2_full,False,0.05319148936170213,4.732691521372353,18.421972653999987
600,True,1,0.0,compartmentalized,policy_train_compartmentalized_double_horizontal_0001,v2_full,win,1,loo_expected_t0.00,oracle_h1_efficiency,False,0.0425531914893617,3.3317944177765826,16.050664891999986,higher_feasible_rate,s3__policy_train__policy_train_compartmentalized_double_horizontal_0001__task_0016__seed_0000__official_adaptive__decision_0000__0040,v2_full,False,0.06382978723404255,4.870330469968116,17.968211012999973
600,True,1,0.05,compartmentalized,policy_train_compartmentalized_double_horizontal_0001,v2_full,win,1,loo_expected_t0.05,oracle_h1_efficiency,False,0.0425531914893617,3.3317944177765826,16.050664891999986,higher_feasible_rate,s3__policy_train__policy_train_compartmentalized_double_horizontal_0001__task_0016__seed_0000__official_adaptive__decision_0000__0040,v2_full,False,0.06382978723404255,4.870330469968116,17.968211012999973
600,True,1,0.1,compartmentalized,policy_train_compartmentalized_double_horizontal_0001,v2_full,win,1,loo_expected_t0.10,oracle_h1_efficiency,False,0.0425531914893617,3.3317944177765826,16.050664891999986,higher_feasible_rate,s3__policy_train__policy_train_compartmentalized_double_horizontal_0001__task_0016__seed_0000__official_adaptive__decision_0000__0040,v2_full,False,0.06382978723404255,4.870330469968116,17.968211012999973
600,False,1,,compartmentalized,policy_train_compartmentalized_double_horizontal_0001,v2_full,tie,0,model_s3_reference,v2_full,False,0.06382978723404255,4.870330469968116,17.968211012999973,recorded_model_s3_arm,s3__policy_train__policy_train_compartmentalized_double_horizontal_0001__task_0016__seed_0000__official_adaptive__decision_0000__0040,v2_full,False,0.06382978723404255,4.870330469968116,17.968211012999973
600,True,2,0.0,compartmentalized,policy_train_compartmentalized_double_horizontal_0001,v2_full,win,1,loo_expected_t0.00,oracle_h1_efficiency,False,0.02127659574468085,4.686115376276584,18.37489609900001,higher_feasible_rate,s3__policy_train__policy_train_compartmentalized_double_horizontal_0001__task_0016__seed_0000__official_adaptive__decision_0000__0040,v2_full,False,0.0425531914893617,5.454976463170213,21.997470483
600,True,2,0.05,compartmentalized,policy_train_compartmentalized_double_horizontal_0001,v2_full,win,1,loo_expected_t0.05,oracle_h1_efficiency,False,0.02127659574468085,4.686115376276584,18.37489609900001,higher_feasible_rate,s3__policy_train__policy_train_compartmentalized_double_horizontal_0001__task_0016__seed_0000__official_adaptive__decision_0000__0040,v2_full,False,0.0425531914893617,5.454976463170213,21.997470483
600,True,2,0.1,compartmentalized,policy_train_compartmentalized_double_horizontal_0001,v2_full,win,1,loo_expected_t0.10,oracle_h1_efficiency,False,0.02127659574468085,4.686115376276584,18.37489609900001,higher_feasible_rate,s3__policy_train__policy_train_compartmentalized_double_horizontal_0001__task_0016__seed_0000__official_adaptive__decision_0000__0040,v2_full,False,0.0425531914893617,5.454976463170213,21.997470483
600,False,2,,compartmentalized,policy_train_compartmentalized_double_horizontal_0001,v2_full,tie,0,model_s3_reference,v2_full,False,0.0425531914893617,5.454976463170213,21.997470483,recorded_model_s3_arm,s3__policy_train__policy_train_compartmentalized_double_horizontal_0001__task_0016__seed_0000__official_adaptive__decision_0000__0040,v2_full,False,0.0425531914893617,5.454976463170213,21.997470483
600,True,3,0.0,compartmentalized,policy_train_compartmentalized_double_horizontal_0001,v2_full,win,1,loo_expected_t0.00,oracle_h1_efficiency,True,0.0,3.3530614404042955,13.993297133999988,higher_feasible_rate,s3__policy_train__policy_train_compartmentalized_double_horizontal_0001__task_0016__seed_0000__official_adaptive__decision_0000__0040,v2_full,False,0.06382978723404255,3.3997507599255474,16.613819624999962
600,True,3,0.05,compartmentalized,policy_train_compartmentalized_double_horizontal_0001,v2_full,win,1,loo_expected_t0.05,oracle_h1_efficiency,True,0.0,3.3530614404042955,13.993297133999988,higher_feasible_rate,s3__policy_train__policy_train_compartmentalized_double_horizontal_0001__task_0016__seed_0000__official_adaptive__decision_0000__0040,v2_full,False,0.06382978723404255,3.3997507599255474,16.613819624999962
600,True,3,0.1,compartmentalized,policy_train_compartmentalized_double_horizontal_0001,v2_full,win,1,loo_expected_t0.10,oracle_h1_efficiency,True,0.0,3.3530614404042955,13.993297133999988,higher_feasible_rate,s3__policy_train__policy_train_compartmentalized_double_horizontal_0001__task_0016__seed_0000__official_adaptive__decision_0000__0040,v2_full,False,0.06382978723404255,3.3997507599255474,16.613819624999962
600,False,3,,compartmentalized,policy_train_compartmentalized_double_horizontal_0001,v2_full,tie,0,model_s3_reference,v2_full,False,0.06382978723404255,3.3997507599255474,16.613819624999962,recorded_model_s3_arm,s3__policy_train__policy_train_compartmentalized_double_horizontal_0001__task_0016__seed_0000__official_adaptive__decision_0000__0040,v2_full,False,0.06382978723404255,3.3997507599255474,16.613819624999962
400,True,0,0.0,compartmentalized,policy_train_compartmentalized_double_horizontal_0002,v2_full,win,1,loo_expected_t0.00,oracle_s3_quality_time,True,0.0,0.7058335494167045,2.8273817759999815,final_conflict_improvement,s3__policy_train__policy_train_compartmentalized_double_horizontal_0002__task_0013__seed_0000__fixed_random__decision_0004__0026,v2_full,True,0.0,0.33002324851190645,3.3422935169999732
400,True,0,0.05,compartmentalized,policy_train_compartmentalized_double_horizontal_0002,v2_full,win,1,loo_expected_t0.05,oracle_s3_quality_time,True,0.0,0.7058335494167045,2.8273817759999815,final_conflict_improvement,s3__policy_train__policy_train_compartmentalized_double_horizontal_0002__task_0013__seed_0000__fixed_random__decision_0004__0026,v2_full,True,0.0,0.33002324851190645,3.3422935169999732
400,True,0,0.1,compartmentalized,policy_train_compartmentalized_double_horizontal_0002,v2_full,win,1,loo_expected_t0.10,oracle_s3_quality_time,True,0.0,0.7058335494167045,2.8273817759999815,final_conflict_improvement,s3__policy_train__policy_train_compartmentalized_double_horizontal_0002__task_0013__seed_0000__fixed_random__decision_0004__0026,v2_full,True,0.0,0.33002324851190645,3.3422935169999732
400,False,0,,compartmentalized,policy_train_compartmentalized_double_horizontal_0002,v2_full,tie,0,model_s3_reference,v2_full,True,0.0,0.33002324851190645,3.3422935169999732,recorded_model_s3_arm,s3__policy_train__policy_train_compartmentalized_double_horizontal_0002__task_0013__seed_0000__fixed_random__decision_0004__0026,v2_full,True,0.0,0.33002324851190645,3.3422935169999732
400,True,1,0.0,compartmentalized,policy_train_compartmentalized_double_horizontal_0002,v2_full,loss,-1,loo_expected_t0.00,oracle_s3_quality_time,False,0.011904761904761904,0.48403738495235293,4.635024711999989,higher_feasible_rate,s3__policy_train__policy_train_compartmentalized_double_horizontal_0002__task_0013__seed_0000__fixed_random__decision_0004__0026,v2_full,True,0.0,0.35728890798810214,1.720388679999985
400,True,1,0.05,compartmentalized,policy_train_compartmentalized_double_horizontal_0002,v2_full,loss,-1,loo_expected_t0.05,oracle_s3_quality_time,False,0.011904761904761904,0.48403738495235293,4.635024711999989,higher_feasible_rate,s3__policy_train__policy_train_compartmentalized_double_horizontal_0002__task_0013__seed_0000__fixed_random__decision_0004__0026,v2_full,True,0.0,0.35728890798810214,1.720388679999985
400,True,1,0.1,compartmentalized,policy_train_compartmentalized_double_horizontal_0002,v2_full,loss,-1,loo_expected_t0.10,oracle_s3_quality_time,False,0.011904761904761904,0.48403738495235293,4.635024711999989,higher_feasible_rate,s3__policy_train__policy_train_compartmentalized_double_horizontal_0002__task_0013__seed_0000__fixed_random__decision_0004__0026,v2_full,True,0.0,0.35728890798810214,1.720388679999985
400,False,1,,compartmentalized,policy_train_compartmentalized_double_horizontal_0002,v2_full,tie,0,model_s3_reference,v2_full,True,0.0,0.35728890798810214,1.720388679999985,recorded_model_s3_arm,s3__policy_train__policy_train_compartmentalized_double_horizontal_0002__task_0013__seed_0000__fixed_random__decision_0004__0026,v2_full,True,0.0,0.35728890798810214,1.720388679999985
400,True,2,0.0,compartmentalized,policy_train_compartmentalized_double_horizontal_0002,v2_full,loss,-1,loo_expected_t0.00,oracle_s3_quality_time,True,0.0,0.8571543446428926,4.387713431999998,final_conflict_improvement,s3__policy_train__policy_train_compartmentalized_double_horizontal_0002__task_0013__seed_0000__fixed_random__decision_0004__0026,v2_full,True,0.0,0.5414776057856565,3.5028854569999908
400,True,2,0.05,compartmentalized,policy_train_compartmentalized_double_horizontal_0002,v2_full,loss,-1,loo_expected_t0.05,oracle_s3_quality_time,True,0.0,0.8571543446428926,4.387713431999998,final_conflict_improvement,s3__policy_train__policy_train_compartmentalized_double_horizontal_0002__task_0013__seed_0000__fixed_random__decision_0004__0026,v2_full,True,0.0,0.5414776057856565,3.5028854569999908
400,True,2,0.1,compartmentalized,policy_train_compartmentalized_double_horizontal_0002,v2_full,loss,-1,loo_expected_t0.10,oracle_s3_quality_time,True,0.0,0.8571543446428926,4.387713431999998,final_conflict_improvement,s3__policy_train__policy_train_compartmentalized_double_horizontal_0002__task_0013__seed_0000__fixed_random__decision_0004__0026,v2_full,True,0.0,0.5414776057856565,3.5028854569999908
400,False,2,,compartmentalized,policy_train_compartmentalized_double_horizontal_0002,v2_full,tie,0,model_s3_reference,v2_full,True,0.0,0.5414776057856565,3.5028854569999908,recorded_model_s3_arm,s3__policy_train__policy_train_compartmentalized_double_horizontal_0002__task_0013__seed_0000__fixed_random__decision_0004__0026,v2_full,True,0.0,0.5414776057856565,3.5028854569999908
400,True,3,0.0,compartmentalized,policy_train_compartmentalized_double_horizontal_0002,v2_full,loss,-1,loo_expected_t0.00,oracle_s3_efficiency,False,0.05952380952380952,0.8168539405237554,5.129840906000027,auc_improvement,s3__policy_train__policy_train_compartmentalized_double_horizontal_0002__task_0013__seed_0000__fixed_random__decision_0004__0026,v2_full,False,0.047619047619047616,0.9201954021547539,6.009526237999978
400,True,3,0.05,compartmentalized,policy_train_compartmentalized_double_horizontal_0002,v2_full,loss,-1,loo_expected_t0.05,oracle_s3_efficiency,False,0.05952380952380952,0.8168539405237554,5.129840906000027,auc_improvement,s3__policy_train__policy_train_compartmentalized_double_horizontal_0002__task_0013__seed_0000__fixed_random__decision_0004__0026,v2_full,False,0.047619047619047616,0.9201954021547539,6.009526237999978
400,True,3,0.1,compartmentalized,policy_train_compartmentalized_double_horizontal_0002,v2_full,loss,-1,loo_expected_t0.10,oracle_s3_efficiency,False,0.05952380952380952,0.8168539405237554,5.129840906000027,auc_improvement,s3__policy_train__policy_train_compartmentalized_double_horizontal_0002__task_0013__seed_0000__fixed_random__decision_0004__0026,v2_full,False,0.047619047619047616,0.9201954021547539,6.009526237999978
400,False,3,,compartmentalized,policy_train_compartmentalized_double_horizontal_0002,v2_full,tie,0,model_s3_reference,v2_full,False,0.047619047619047616,0.9201954021547539,6.009526237999978,recorded_model_s3_arm,s3__policy_train__policy_train_compartmentalized_double_horizontal_0002__task_0013__seed_0000__fixed_random__decision_0004__0026,v2_full,False,0.047619047619047616,0.9201954021547539,6.009526237999978
400,True,0,0.0,compartmentalized,policy_train_compartmentalized_double_horizontal_0002,v2_full,loss,-1,loo_expected_t0.00,oracle_h1_efficiency,True,0.0,0.3346517235079562,1.9793544210000675,auc_improvement,s3__policy_train__policy_train_compartmentalized_double_horizontal_0002__task_0013__seed_0000__fixed_random__decision_0006__0022,v2_full,True,0.0,0.37293925792061106,1.323876603000059
400,True,0,0.05,compartmentalized,policy_train_compartmentalized_double_horizontal_0002,v2_full,loss,-1,loo_expected_t0.05,oracle_h1_efficiency,True,0.0,0.3346517235079562,1.9793544210000675,auc_improvement,s3__policy_train__policy_train_compartmentalized_double_horizontal_0002__task_0013__seed_0000__fixed_random__decision_0006__0022,v2_full,True,0.0,0.37293925792061106,1.323876603000059
400,True,0,0.1,compartmentalized,policy_train_compartmentalized_double_horizontal_0002,v2_full,loss,-1,loo_expected_t0.10,oracle_h1_efficiency,True,0.0,0.3346517235079562,1.9793544210000675,auc_improvement,s3__policy_train__policy_train_compartmentalized_double_horizontal_0002__task_0013__seed_0000__fixed_random__decision_0006__0022,v2_full,True,0.0,0.37293925792061106,1.323876603000059
400,False,0,,compartmentalized,policy_train_compartmentalized_double_horizontal_0002,v2_full,tie,0,model_s3_reference,v2_full,True,0.0,0.37293925792061106,1.323876603000059,recorded_model_s3_arm,s3__policy_train__policy_train_compartmentalized_double_horizontal_0002__task_0013__seed_0000__fixed_random__decision_0006__0022,v2_full,True,0.0,0.37293925792061106,1.323876603000059
400,True,1,0.0,compartmentalized,policy_train_compartmentalized_double_horizontal_0002,v2_full,win,1,loo_expected_t0.00,oracle_h1_efficiency,True,0.0,0.4533267087301927,2.7090313690000585,auc_improvement,s3__policy_train__policy_train_compartmentalized_double_horizontal_0002__task_0013__seed_0000__fixed_random__decision_0006__0022,v2_full,True,0.0,0.3714661931746187,2.981562866000047
400,True,1,0.05,compartmentalized,policy_train_compartmentalized_double_horizontal_0002,v2_full,win,1,loo_expected_t0.05,oracle_h1_efficiency,True,0.0,0.4533267087301927,2.7090313690000585,auc_improvement,s3__policy_train__policy_train_compartmentalized_double_horizontal_0002__task_0013__seed_0000__fixed_random__decision_0006__0022,v2_full,True,0.0,0.3714661931746187,2.981562866000047
400,True,1,0.1,compartmentalized,policy_train_compartmentalized_double_horizontal_0002,v2_full,win,1,loo_expected_t0.10,oracle_h1_efficiency,True,0.0,0.4533267087301927,2.7090313690000585,auc_improvement,s3__policy_train__policy_train_compartmentalized_double_horizontal_0002__task_0013__seed_0000__fixed_random__decision_0006__0022,v2_full,True,0.0,0.3714661931746187,2.981562866000047
400,False,1,,compartmentalized,policy_train_compartmentalized_double_horizontal_0002,v2_full,tie,0,model_s3_reference,v2_full,True,0.0,0.3714661931746187,2.981562866000047,recorded_model_s3_arm,s3__policy_train__policy_train_compartmentalized_double_horizontal_0002__task_0013__seed_0000__fixed_random__decision_0006__0022,v2_full,True,0.0,0.3714661931746187,2.981562866000047
400,False,2,0.0,compartmentalized,policy_train_compartmentalized_double_horizontal_0002,v2_full,tie,0,loo_expected_t0.00,v2_full,True,0.0,0.640423769317549,2.955637958000068,v2_is_aggregate_winner,s3__policy_train__policy_train_compartmentalized_double_horizontal_0002__task_0013__seed_0000__fixed_random__decision_0006__0022,v2_full,True,0.0,0.640423769317549,2.955637958000068
400,False,2,0.05,compartmentalized,policy_train_compartmentalized_double_horizontal_0002,v2_full,tie,0,loo_expected_t0.05,v2_full,True,0.0,0.640423769317549,2.955637958000068,v2_is_aggregate_winner,s3__policy_train__policy_train_compartmentalized_double_horizontal_0002__task_0013__seed_0000__fixed_random__decision_0006__0022,v2_full,True,0.0,0.640423769317549,2.955637958000068
400,False,2,0.1,compartmentalized,policy_train_compartmentalized_double_horizontal_0002,v2_full,tie,0,loo_expected_t0.10,v2_full,True,0.0,0.640423769317549,2.955637958000068,v2_is_aggregate_winner,s3__policy_train__policy_train_compartmentalized_double_horizontal_0002__task_0013__seed_0000__fixed_random__decision_0006__0022,v2_full,True,0.0,0.640423769317549,2.955637958000068
400,False,2,,compartmentalized,policy_train_compartmentalized_double_horizontal_0002,v2_full,tie,0,model_s3_reference,v2_full,True,0.0,0.640423769317549,2.955637958000068,recorded_model_s3_arm,s3__policy_train__policy_train_compartmentalized_double_horizontal_0002__task_0013__seed_0000__fixed_random__decision_0006__0022,v2_full,True,0.0,0.640423769317549,2.955637958000068
400,True,3,0.0,compartmentalized,policy_train_compartmentalized_double_horizontal_0002,v2_full,win,1,loo_expected_t0.00,oracle_h1_efficiency,True,0.0,0.40433837136502565,1.7669951720000654,auc_improvement,s3__policy_train__policy_train_compartmentalized_double_horizontal_0002__task_0013__seed_0000__fixed_random__decision_0006__0022,v2_full,True,0.0,0.4196954000793406,3.5763639240000202
400,True,3,0.05,compartmentalized,policy_train_compartmentalized_double_horizontal_0002,v2_full,win,1,loo_expected_t0.05,oracle_h1_efficiency,True,0.0,0.40433837136502565,1.7669951720000654,auc_improvement,s3__policy_train__policy_train_compartmentalized_double_horizontal_0002__task_0013__seed_0000__fixed_random__decision_0006__0022,v2_full,True,0.0,0.4196954000793406,3.5763639240000202
400,True,3,0.1,compartmentalized,policy_train_compartmentalized_double_horizontal_0002,v2_full,win,1,loo_expected_t0.10,oracle_h1_efficiency,True,0.0,0.40433837136502565,1.7669951720000654,auc_improvement,s3__policy_train__policy_train_compartmentalized_double_horizontal_0002__task_0013__seed_0000__fixed_random__decision_0006__0022,v2_full,True,0.0,0.4196954000793406,3.5763639240000202
400,False,3,,compartmentalized,policy_train_compartmentalized_double_horizontal_0002,v2_full,tie,0,model_s3_reference,v2_full,True,0.0,0.4196954000793406,3.5763639240000202,recorded_model_s3_arm,s3__policy_train__policy_train_compartmentalized_double_horizontal_0002__task_0013__seed_0000__fixed_random__decision_0006__0022,v2_full,True,0.0,0.4196954000793406,3.5763639240000202
400,True,0,0.0,dead_end_aisles,policy_train_dead_end_aisles_0002,model_s3,win,1,loo_expected_t0.00,oracle_s3_efficiency,True,0.0,0.009982084999990093,0.1386223780000364,auc_improvement,s3__policy_train__policy_train_dead_end_aisles_0002__task_0012__seed_0000__realized_dynamic__decision_0000__0090,v2_full,True,0.0,0.0136862120000103,0.1404510460000381
400,True,0,0.05,dead_end_aisles,policy_train_dead_end_aisles_0002,model_s3,win,1,loo_expected_t0.05,oracle_s3_efficiency,True,0.0,0.009982084999990093,0.1386223780000364,auc_improvement,s3__policy_train__policy_train_dead_end_aisles_0002__task_0012__seed_0000__realized_dynamic__decision_0000__0090,v2_full,True,0.0,0.0136862120000103,0.1404510460000381
400,True,0,0.1,dead_end_aisles,policy_train_dead_end_aisles_0002,model_s3,win,1,loo_expected_t0.10,oracle_s3_efficiency,True,0.0,0.009982084999990093,0.1386223780000364,auc_improvement,s3__policy_train__policy_train_dead_end_aisles_0002__task_0012__seed_0000__realized_dynamic__decision_0000__0090,v2_full,True,0.0,0.0136862120000103,0.1404510460000381
400,True,0,,dead_end_aisles,policy_train_dead_end_aisles_0002,model_s3,win,1,model_s3_reference,model_s3,True,0.0,0.009839571000014757,0.13647253400003478,recorded_model_s3_arm,s3__policy_train__policy_train_dead_end_aisles_0002__task_0012__seed_0000__realized_dynamic__decision_0000__0090,v2_full,True,0.0,0.0136862120000103,0.1404510460000381
400,True,1,0.0,dead_end_aisles,policy_train_dead_end_aisles_0002,model_s3,loss,-1,loo_expected_t0.00,oracle_s3_efficiency,True,0.0,0.010996546999990642,0.14027987000002895,auc_improvement,s3__policy_train__policy_train_dead_end_aisles_0002__task_0012__seed_0000__realized_dynamic__decision_0000__0090,v2_full,True,0.0,0.013999033000004601,0.14006480500003704
400,True,1,0.05,dead_end_aisles,policy_train_dead_end_aisles_0002,model_s3,loss,-1,loo_expected_t0.05,oracle_s3_efficiency,True,0.0,0.010996546999990642,0.14027987000002895,auc_improvement,s3__policy_train__policy_train_dead_end_aisles_0002__task_0012__seed_0000__realized_dynamic__decision_0000__0090,v2_full,True,0.0,0.013999033000004601,0.14006480500003704
400,True,1,0.1,dead_end_aisles,policy_train_dead_end_aisles_0002,model_s3,loss,-1,loo_expected_t0.10,oracle_s3_efficiency,True,0.0,0.010996546999990642,0.14027987000002895,auc_improvement,s3__policy_train__policy_train_dead_end_aisles_0002__task_0012__seed_0000__realized_dynamic__decision_0000__0090,v2_full,True,0.0,0.013999033000004601,0.14006480500003704
400,True,1,,dead_end_aisles,policy_train_dead_end_aisles_0002,model_s3,loss,-1,model_s3_reference,model_s3,True,0.0,0.02249964300000329,0.15030888300003653,recorded_model_s3_arm,s3__policy_train__policy_train_dead_end_aisles_0002__task_0012__seed_0000__realized_dynamic__decision_0000__0090,v2_full,True,0.0,0.013999033000004601,0.14006480500003704
400,True,2,0.0,dead_end_aisles,policy_train_dead_end_aisles_0002,model_s3,win,1,loo_expected_t0.00,oracle_s3_efficiency,True,0.0,0.00954827799995428,0.14075442100005375,auc_improvement,s3__policy_train__policy_train_dead_end_aisles_0002__task_0012__seed_0000__realized_dynamic__decision_0000__0090,v2_full,True,0.0,0.015217293999967296,0.14626418200003855
400,True,2,0.05,dead_end_aisles,policy_train_dead_end_aisles_0002,model_s3,win,1,loo_expected_t0.05,oracle_s3_efficiency,True,0.0,0.00954827799995428,0.14075442100005375,auc_improvement,s3__policy_train__policy_train_dead_end_aisles_0002__task_0012__seed_0000__realized_dynamic__decision_0000__0090,v2_full,True,0.0,0.015217293999967296,0.14626418200003855
400,True,2,0.1,dead_end_aisles,policy_train_dead_end_aisles_0002,model_s3,win,1,loo_expected_t0.10,oracle_s3_efficiency,True,0.0,0.00954827799995428,0.14075442100005375,auc_improvement,s3__policy_train__policy_train_dead_end_aisles_0002__task_0012__seed_0000__realized_dynamic__decision_0000__0090,v2_full,True,0.0,0.015217293999967296,0.14626418200003855
400,True,2,,dead_end_aisles,policy_train_dead_end_aisles_0002,model_s3,win,1,model_s3_reference,model_s3,True,0.0,0.012769766000019445,0.144658206000031,recorded_model_s3_arm,s3__policy_train__policy_train_dead_end_aisles_0002__task_0012__seed_0000__realized_dynamic__decision_0000__0090,v2_full,True,0.0,0.015217293999967296,0.14626418200003855
400,True,3,0.0,dead_end_aisles,policy_train_dead_end_aisles_0002,model_s3,loss,-1,loo_expected_t0.00,oracle_s3_efficiency,True,0.0,0.012165980000020227,0.1502226200000223,auc_improvement,s3__policy_train__policy_train_dead_end_aisles_0002__task_0012__seed_0000__realized_dynamic__decision_0000__0090,v2_full,True,0.0,0.013945339000031254,0.14516231200002494
400,True,3,0.05,dead_end_aisles,policy_train_dead_end_aisles_0002,model_s3,loss,-1,loo_expected_t0.05,oracle_s3_efficiency,True,0.0,0.012165980000020227,0.1502226200000223,auc_improvement,s3__policy_train__policy_train_dead_end_aisles_0002__task_0012__seed_0000__realized_dynamic__decision_0000__0090,v2_full,True,0.0,0.013945339000031254,0.14516231200002494
400,True,3,0.1,dead_end_aisles,policy_train_dead_end_aisles_0002,model_s3,loss,-1,loo_expected_t0.10,oracle_s3_efficiency,True,0.0,0.012165980000020227,0.1502226200000223,auc_improvement,s3__policy_train__policy_train_dead_end_aisles_0002__task_0012__seed_0000__realized_dynamic__decision_0000__0090,v2_full,True,0.0,0.013945339000031254,0.14516231200002494
400,True,3,,dead_end_aisles,policy_train_dead_end_aisles_0002,model_s3,loss,-1,model_s3_reference,model_s3,True,0.0,0.013350019000029079,0.1512410800000339,recorded_model_s3_arm,s3__policy_train__policy_train_dead_end_aisles_0002__task_0012__seed_0000__realized_dynamic__decision_0000__0090,v2_full,True,0.0,0.013945339000031254,0.14516231200002494
600,False,0,0.0,dead_end_aisles,policy_train_dead_end_aisles_0002,model_s3,tie,0,loo_expected_t0.00,v2_full,True,0.0,0.10963748414284932,0.6568686870001272,v2_is_aggregate_winner,s3__policy_train__policy_train_dead_end_aisles_0002__task_0016__seed_0000__fixed_random__decision_0000__0103,v2_full,True,0.0,0.10963748414284932,0.6568686870001272
600,False,0,0.05,dead_end_aisles,policy_train_dead_end_aisles_0002,model_s3,tie,0,loo_expected_t0.05,v2_full,True,0.0,0.10963748414284932,0.6568686870001272,v2_is_aggregate_winner,s3__policy_train__policy_train_dead_end_aisles_0002__task_0016__seed_0000__fixed_random__decision_0000__0103,v2_full,True,0.0,0.10963748414284932,0.6568686870001272
600,False,0,0.1,dead_end_aisles,policy_train_dead_end_aisles_0002,model_s3,tie,0,loo_expected_t0.10,v2_full,True,0.0,0.10963748414284932,0.6568686870001272,v2_is_aggregate_winner,s3__policy_train__policy_train_dead_end_aisles_0002__task_0016__seed_0000__fixed_random__decision_0000__0103,v2_full,True,0.0,0.10963748414284932,0.6568686870001272
600,True,0,,dead_end_aisles,policy_train_dead_end_aisles_0002,model_s3,loss,-1,model_s3_reference,model_s3,True,0.0,0.12595439371428693,0.790749033000111,recorded_model_s3_arm,s3__policy_train__policy_train_dead_end_aisles_0002__task_0016__seed_0000__fixed_random__decision_0000__0103,v2_full,True,0.0,0.10963748414284932,0.6568686870001272
600,True,1,0.0,dead_end_aisles,policy_train_dead_end_aisles_0002,model_s3,loss,-1,loo_expected_t0.00,oracle_h1_efficiency,True,0.0,0.045888336857136176,0.32052066800011403,auc_improvement,s3__policy_train__policy_train_dead_end_aisles_0002__task_0016__seed_0000__fixed_random__decision_0000__0103,v2_full,True,0.0,0.030364399571409097,0.2832079610001301
600,True,1,0.05,dead_end_aisles,policy_train_dead_end_aisles_0002,model_s3,loss,-1,loo_expected_t0.05,oracle_h1_efficiency,True,0.0,0.045888336857136176,0.32052066800011403,auc_improvement,s3__policy_train__policy_train_dead_end_aisles_0002__task_0016__seed_0000__fixed_random__decision_0000__0103,v2_full,True,0.0,0.030364399571409097,0.2832079610001301
600,True,1,0.1,dead_end_aisles,policy_train_dead_end_aisles_0002,model_s3,loss,-1,loo_expected_t0.10,oracle_h1_efficiency,True,0.0,0.045888336857136176,0.32052066800011403,auc_improvement,s3__policy_train__policy_train_dead_end_aisles_0002__task_0016__seed_0000__fixed_random__decision_0000__0103,v2_full,True,0.0,0.030364399571409097,0.2832079610001301
600,True,1,,dead_end_aisles,policy_train_dead_end_aisles_0002,model_s3,loss,-1,model_s3_reference,model_s3,True,0.0,0.0837435247142894,0.4429580340000996,recorded_model_s3_arm,s3__policy_train__policy_train_dead_end_aisles_0002__task_0016__seed_0000__fixed_random__decision_0000__0103,v2_full,True,0.0,0.030364399571409097,0.2832079610001301
600,True,2,0.0,dead_end_aisles,policy_train_dead_end_aisles_0002,model_s3,loss,-1,loo_expected_t0.00,oracle_h1_efficiency,True,0.0,0.06608494357145187,0.6258816080001566,auc_improvement,s3__policy_train__policy_train_dead_end_aisles_0002__task_0016__seed_0000__fixed_random__decision_0000__0103,v2_full,True,0.0,0.08752972685718825,0.5890167030001408
600,False,2,0.05,dead_end_aisles,policy_train_dead_end_aisles_0002,model_s3,tie,0,loo_expected_t0.05,v2_full,True,0.0,0.08752972685718825,0.5890167030001408,auc_threshold_guard,s3__policy_train__policy_train_dead_end_aisles_0002__task_0016__seed_0000__fixed_random__decision_0000__0103,v2_full,True,0.0,0.08752972685718825,0.5890167030001408
600,False,2,0.1,dead_end_aisles,policy_train_dead_end_aisles_0002,model_s3,tie,0,loo_expected_t0.10,v2_full,True,0.0,0.08752972685718825,0.5890167030001408,auc_threshold_guard,s3__policy_train__policy_train_dead_end_aisles_0002__task_0016__seed_0000__fixed_random__decision_0000__0103,v2_full,True,0.0,0.08752972685718825,0.5890167030001408
600,True,2,,dead_end_aisles,policy_train_dead_end_aisles_0002,model_s3,loss,-1,model_s3_reference,model_s3,True,0.0,0.14566782842859993,0.8194765380001172,recorded_model_s3_arm,s3__policy_train__policy_train_dead_end_aisles_0002__task_0016__seed_0000__fixed_random__decision_0000__0103,v2_full,True,0.0,0.08752972685718825,0.5890167030001408
600,True,3,0.0,dead_end_aisles,policy_train_dead_end_aisles_0002,model_s3,loss,-1,loo_expected_t0.00,oracle_h1_efficiency,True,0.0,0.06471587814287107,0.5435178360001487,auc_improvement,s3__policy_train__policy_train_dead_end_aisles_0002__task_0016__seed_0000__fixed_random__decision_0000__0103,v2_full,True,0.0,0.05116353099997793,0.4720428660000948
600,True,3,0.05,dead_end_aisles,policy_train_dead_end_aisles_0002,model_s3,loss,-1,loo_expected_t0.05,oracle_h1_efficiency,True,0.0,0.06471587814287107,0.5435178360001487,auc_improvement,s3__policy_train__policy_train_dead_end_aisles_0002__task_0016__seed_0000__fixed_random__decision_0000__0103,v2_full,True,0.0,0.05116353099997793,0.4720428660000948
600,True,3,0.1,dead_end_aisles,policy_train_dead_end_aisles_0002,model_s3,loss,-1,loo_expected_t0.10,oracle_h1_efficiency,True,0.0,0.06471587814287107,0.5435178360001487,auc_improvement,s3__policy_train__policy_train_dead_end_aisles_0002__task_0016__seed_0000__fixed_random__decision_0000__0103,v2_full,True,0.0,0.05116353099997793,0.4720428660000948
600,True,3,,dead_end_aisles,policy_train_dead_end_aisles_0002,model_s3,loss,-1,model_s3_reference,model_s3,True,0.0,0.14573615071425042,0.6505504850001103,recorded_model_s3_arm,s3__policy_train__policy_train_dead_end_aisles_0002__task_0016__seed_0000__fixed_random__decision_0000__0103,v2_full,True,0.0,0.05116353099997793,0.4720428660000948
200,False,0,0.0,regular_beltway,policy_train_regular_beltway_0002,model_s3,tie,0,loo_expected_t0.00,v2_full,True,0.0,0.004290793999984999,0.04489276700007849,v2_is_aggregate_winner,s3__policy_train__policy_train_regular_beltway_0002__task_0011__seed_0000__official_adaptive__decision_0000__0109,v2_full,True,0.0,0.004290793999984999,0.04489276700007849
200,False,0,0.05,regular_beltway,policy_train_regular_beltway_0002,model_s3,tie,0,loo_expected_t0.05,v2_full,True,0.0,0.004290793999984999,0.04489276700007849,v2_is_aggregate_winner,s3__policy_train__policy_train_regular_beltway_0002__task_0011__seed_0000__official_adaptive__decision_0000__0109,v2_full,True,0.0,0.004290793999984999,0.04489276700007849
200,False,0,0.1,regular_beltway,policy_train_regular_beltway_0002,model_s3,tie,0,loo_expected_t0.10,v2_full,True,0.0,0.004290793999984999,0.04489276700007849,v2_is_aggregate_winner,s3__policy_train__policy_train_regular_beltway_0002__task_0011__seed_0000__official_adaptive__decision_0000__0109,v2_full,True,0.0,0.004290793999984999,0.04489276700007849
200,True,0,,regular_beltway,policy_train_regular_beltway_0002,model_s3,win,1,model_s3_reference,model_s3,True,0.0,0.004448775999975396,0.044505026000081216,recorded_model_s3_arm,s3__policy_train__policy_train_regular_beltway_0002__task_0011__seed_0000__official_adaptive__decision_0000__0109,v2_full,True,0.0,0.004290793999984999,0.04489276700007849
200,False,1,0.0,regular_beltway,policy_train_regular_beltway_0002,model_s3,tie,0,loo_expected_t0.00,v2_full,True,0.0,0.004678487000006726,0.04580276300006858,v2_is_aggregate_winner,s3__policy_train__policy_train_regular_beltway_0002__task_0011__seed_0000__official_adaptive__decision_0000__0109,v2_full,True,0.0,0.004678487000006726,0.04580276300006858
200,False,1,0.05,regular_beltway,policy_train_regular_beltway_0002,model_s3,tie,0,loo_expected_t0.05,v2_full,True,0.0,0.004678487000006726,0.04580276300006858,v2_is_aggregate_winner,s3__policy_train__policy_train_regular_beltway_0002__task_0011__seed_0000__official_adaptive__decision_0000__0109,v2_full,True,0.0,0.004678487000006726,0.04580276300006858
200,False,1,0.1,regular_beltway,policy_train_regular_beltway_0002,model_s3,tie,0,loo_expected_t0.10,v2_full,True,0.0,0.004678487000006726,0.04580276300006858,v2_is_aggregate_winner,s3__policy_train__policy_train_regular_beltway_0002__task_0011__seed_0000__official_adaptive__decision_0000__0109,v2_full,True,0.0,0.004678487000006726,0.04580276300006858
200,True,1,,regular_beltway,policy_train_regular_beltway_0002,model_s3,win,1,model_s3_reference,model_s3,True,0.0,0.004275559999996403,0.04493219100007195,recorded_model_s3_arm,s3__policy_train__policy_train_regular_beltway_0002__task_0011__seed_0000__official_adaptive__decision_0000__0109,v2_full,True,0.0,0.004678487000006726,0.04580276300006858
200,False,2,0.0,regular_beltway,policy_train_regular_beltway_0002,model_s3,tie,0,loo_expected_t0.00,v2_full,True,0.0,0.004846412000006239,0.04692175400009546,v2_is_aggregate_winner,s3__policy_train__policy_train_regular_beltway_0002__task_0011__seed_0000__official_adaptive__decision_0000__0109,v2_full,True,0.0,0.004846412000006239,0.04692175400009546
200,False,2,0.05,regular_beltway,policy_train_regular_beltway_0002,model_s3,tie,0,loo_expected_t0.05,v2_full,True,0.0,0.004846412000006239,0.04692175400009546,v2_is_aggregate_winner,s3__policy_train__policy_train_regular_beltway_0002__task_0011__seed_0000__official_adaptive__decision_0000__0109,v2_full,True,0.0,0.004846412000006239,0.04692175400009546
200,False,2,0.1,regular_beltway,policy_train_regular_beltway_0002,model_s3,tie,0,loo_expected_t0.10,v2_full,True,0.0,0.004846412000006239,0.04692175400009546,v2_is_aggregate_winner,s3__policy_train__policy_train_regular_beltway_0002__task_0011__seed_0000__official_adaptive__decision_0000__0109,v2_full,True,0.0,0.004846412000006239,0.04692175400009546
200,True,2,,regular_beltway,policy_train_regular_beltway_0002,model_s3,loss,-1,model_s3_reference,model_s3,True,0.0,0.004592555999977321,0.04759713200007809,recorded_model_s3_arm,s3__policy_train__policy_train_regular_beltway_0002__task_0011__seed_0000__official_adaptive__decision_0000__0109,v2_full,True,0.0,0.004846412000006239,0.04692175400009546
200,True,3,0.0,regular_beltway,policy_train_regular_beltway_0002,model_s3,loss,-1,loo_expected_t0.00,model_s3,True,0.0,0.006511243999966609,0.05031380600007651,auc_improvement,s3__policy_train__policy_train_regular_beltway_0002__task_0011__seed_0000__official_adaptive__decision_0000__0109,v2_full,True,0.0,0.0044712659999959214,0.04792036900005314
200,False,3,0.05,regular_beltway,policy_train_regular_beltway_0002,model_s3,tie,0,loo_expected_t0.05,v2_full,True,0.0,0.0044712659999959214,0.04792036900005314,auc_threshold_guard,s3__policy_train__policy_train_regular_beltway_0002__task_0011__seed_0000__official_adaptive__decision_0000__0109,v2_full,True,0.0,0.0044712659999959214,0.04792036900005314
200,False,3,0.1,regular_beltway,policy_train_regular_beltway_0002,model_s3,tie,0,loo_expected_t0.10,v2_full,True,0.0,0.0044712659999959214,0.04792036900005314,auc_threshold_guard,s3__policy_train__policy_train_regular_beltway_0002__task_0011__seed_0000__official_adaptive__decision_0000__0109,v2_full,True,0.0,0.0044712659999959214,0.04792036900005314
200,True,3,,regular_beltway,policy_train_regular_beltway_0002,model_s3,loss,-1,model_s3_reference,model_s3,True,0.0,0.006511243999966609,0.05031380600007651,recorded_model_s3_arm,s3__policy_train__policy_train_regular_beltway_0002__task_0011__seed_0000__official_adaptive__decision_0000__0109,v2_full,True,0.0,0.0044712659999959214,0.04792036900005314
600,True,0,0.0,regular_beltway,policy_train_regular_beltway_0002,model_s3,loss,-1,loo_expected_t0.00,oracle_s3_efficiency,True,0.0,0.1355715867777576,0.9880599239999697,auc_improvement,s3__policy_train__policy_train_regular_beltway_0002__task_0019__seed_0000__fixed_random__decision_0000__0116,v2_full,True,0.0,0.16291204311108723,0.9429113569999572
600,True,0,0.05,regular_beltway,policy_train_regular_beltway_0002,model_s3,loss,-1,loo_expected_t0.05,oracle_s3_efficiency,True,0.0,0.1355715867777576,0.9880599239999697,auc_improvement,s3__policy_train__policy_train_regular_beltway_0002__task_0019__seed_0000__fixed_random__decision_0000__0116,v2_full,True,0.0,0.16291204311108723,0.9429113569999572
600,True,0,0.1,regular_beltway,policy_train_regular_beltway_0002,model_s3,loss,-1,loo_expected_t0.10,oracle_s3_efficiency,True,0.0,0.1355715867777576,0.9880599239999697,auc_improvement,s3__policy_train__policy_train_regular_beltway_0002__task_0019__seed_0000__fixed_random__decision_0000__0116,v2_full,True,0.0,0.16291204311108723,0.9429113569999572
600,True,0,,regular_beltway,policy_train_regular_beltway_0002,model_s3,loss,-1,model_s3_reference,model_s3,True,0.0,0.20249144266666186,1.3373487409999711,recorded_model_s3_arm,s3__policy_train__policy_train_regular_beltway_0002__task_0019__seed_0000__fixed_random__decision_0000__0116,v2_full,True,0.0,0.16291204311108723,0.9429113569999572
600,True,1,0.0,regular_beltway,policy_train_regular_beltway_0002,model_s3,win,1,loo_expected_t0.00,oracle_s3_efficiency,True,0.0,0.10343613111111773,0.9157386199999564,auc_improvement,s3__policy_train__policy_train_regular_beltway_0002__task_0019__seed_0000__fixed_random__decision_0000__0116,v2_full,True,0.0,0.19551426355554705,1.121306672999964
600,False,1,0.05,regular_beltway,policy_train_regular_beltway_0002,model_s3,tie,0,loo_expected_t0.05,v2_full,True,0.0,0.19551426355554705,1.121306672999964,auc_threshold_guard,s3__policy_train__policy_train_regular_beltway_0002__task_0019__seed_0000__fixed_random__decision_0000__0116,v2_full,True,0.0,0.19551426355554705,1.121306672999964
600,False,1,0.1,regular_beltway,policy_train_regular_beltway_0002,model_s3,tie,0,loo_expected_t0.10,v2_full,True,0.0,0.19551426355554705,1.121306672999964,auc_threshold_guard,s3__policy_train__policy_train_regular_beltway_0002__task_0019__seed_0000__fixed_random__decision_0000__0116,v2_full,True,0.0,0.19551426355554705,1.121306672999964
600,True,1,,regular_beltway,policy_train_regular_beltway_0002,model_s3,win,1,model_s3_reference,model_s3,True,0.0,0.12368296877778878,0.8811527909999768,recorded_model_s3_arm,s3__policy_train__policy_train_regular_beltway_0002__task_0019__seed_0000__fixed_random__decision_0000__0116,v2_full,True,0.0,0.19551426355554705,1.121306672999964
600,True,2,0.0,regular_beltway,policy_train_regular_beltway_0002,model_s3,loss,-1,loo_expected_t0.00,oracle_s3_efficiency,True,0.0,0.14723905911111818,0.9869994320000046,auc_improvement,s3__policy_train__policy_train_regular_beltway_0002__task_0019__seed_0000__fixed_random__decision_0000__0116,v2_full,True,0.0,0.1328317858889376,0.8963809090000154
600,True,2,0.05,regular_beltway,policy_train_regular_beltway_0002,model_s3,loss,-1,loo_expected_t0.05,oracle_s3_efficiency,True,0.0,0.14723905911111818,0.9869994320000046,auc_improvement,s3__policy_train__policy_train_regular_beltway_0002__task_0019__seed_0000__fixed_random__decision_0000__0116,v2_full,True,0.0,0.1328317858889376,0.8963809090000154
600,True,2,0.1,regular_beltway,policy_train_regular_beltway_0002,model_s3,loss,-1,loo_expected_t0.10,oracle_s3_efficiency,True,0.0,0.14723905911111818,0.9869994320000046,auc_improvement,s3__policy_train__policy_train_regular_beltway_0002__task_0019__seed_0000__fixed_random__decision_0000__0116,v2_full,True,0.0,0.1328317858889376,0.8963809090000154
600,True,2,,regular_beltway,policy_train_regular_beltway_0002,model_s3,win,1,model_s3_reference,model_s3,True,0.0,0.1463096372222973,0.8304771269999947,recorded_model_s3_arm,s3__policy_train__policy_train_regular_beltway_0002__task_0019__seed_0000__fixed_random__decision_0000__0116,v2_full,True,0.0,0.1328317858889376,0.8963809090000154
600,True,3,0.0,regular_beltway,policy_train_regular_beltway_0002,model_s3,loss,-1,loo_expected_t0.00,oracle_s3_efficiency,True,0.0,0.12841824077782527,0.9351856819999966,auc_improvement,s3__policy_train__policy_train_regular_beltway_0002__task_0019__seed_0000__fixed_random__decision_0000__0116,v2_full,True,0.0,0.134607316444399,0.7934146739999619
600,True,3,0.05,regular_beltway,policy_train_regular_beltway_0002,model_s3,loss,-1,loo_expected_t0.05,oracle_s3_efficiency,True,0.0,0.12841824077782527,0.9351856819999966,auc_improvement,s3__policy_train__policy_train_regular_beltway_0002__task_0019__seed_0000__fixed_random__decision_0000__0116,v2_full,True,0.0,0.134607316444399,0.7934146739999619
600,True,3,0.1,regular_beltway,policy_train_regular_beltway_0002,model_s3,loss,-1,loo_expected_t0.10,oracle_s3_efficiency,True,0.0,0.12841824077782527,0.9351856819999966,auc_improvement,s3__policy_train__policy_train_regular_beltway_0002__task_0019__seed_0000__fixed_random__decision_0000__0116,v2_full,True,0.0,0.134607316444399,0.7934146739999619
600,True,3,,regular_beltway,policy_train_regular_beltway_0002,model_s3,loss,-1,model_s3_reference,model_s3,True,0.0,0.17167673533332264,1.4420075379999844,recorded_model_s3_arm,s3__policy_train__policy_train_regular_beltway_0002__task_0019__seed_0000__fixed_random__decision_0000__0116,v2_full,True,0.0,0.134607316444399,0.7934146739999619
